"FullName","Length","LastWriteTime"
"C:\Users\valde\OneDrive\Documents\52-at-52\.gitattributes","66","9/9/2026 8:06:52 PM"
"C:\Users\valde\OneDrive\Documents\52-at-52\.gitignore","413","9/9/2026 9:57:19 PM"
"C:\Users\valde\OneDrive\Documents\52-at-52\content.json","3938","9/9/2026 8:04:56 PM"
"C:\Users\valde\OneDrive\Documents\52-at-52\index.html","40707","9/20/2026 3:50:26 PM"
"C:\Users\valde\OneDrive\Documents\52-at-52\index_backup.html","53689","9/9/2026 9:28:51 PM"
"C:\Users\valde\OneDrive\Documents\52-at-52\posts.backup-20260920-145713.json","16271","9/9/2026 9:31:47 PM"
"C:\Users\valde\OneDrive\Documents\52-at-52\posts.backup-20260920-145721.json","16271","9/9/2026 9:31:47 PM"
"C:\Users\valde\OneDrive\Documents\52-at-52\posts.backup-20260920-145725.json","16271","9/9/2026 9:31:47 PM"
"C:\Users\valde\OneDrive\Documents\52-at-52\posts.backup-20260920-145727.json","16271","9/9/2026 9:31:47 PM"
"C:\Users\valde\OneDrive\Documents\52-at-52\posts.backup-20260920-152713.json","16663","9/20/2026 2:57:49 PM"
"C:\Users\valde\OneDrive\Documents\52-at-52\posts.backup-20260920-152807.json","17011","9/20/2026 3:27:25 PM"
"C:\Users\valde\OneDrive\Documents\52-at-52\posts.backup-20260920-152821.json","17339","9/20/2026 3:28:12 PM"
"C:\Users\valde\OneDrive\Documents\52-at-52\posts.json","17736","9/20/2026 3:28:32 PM"
"C:\Users\valde\OneDrive\Documents\52-at-52\README-PUBLISHING.md","3824","9/9/2026 9:22:49 PM"
"C:\Users\valde\OneDrive\Documents\52-at-52\README.md","59","9/9/2026 8:06:52 PM"
"C:\Users\valde\OneDrive\Documents\52-at-52\run_images.backup-20260920-145713.json","4485","9/9/2026 9:31:47 PM"
"C:\Users\valde\OneDrive\Documents\52-at-52\run_images.backup-20260920-145721.json","4485","9/9/2026 9:31:47 PM"
"C:\Users\valde\OneDrive\Documents\52-at-52\run_images.backup-20260920-145725.json","4485","9/9/2026 9:31:47 PM"
"C:\Users\valde\OneDrive\Documents\52-at-52\run_images.backup-20260920-145727.json","4485","9/9/2026 9:31:47 PM"
"C:\Users\valde\OneDrive\Documents\52-at-52\run_images.backup-20260920-152713.json","5027","9/20/2026 2:57:49 PM"
"C:\Users\valde\OneDrive\Documents\52-at-52\run_images.backup-20260920-152807.json","5340","9/20/2026 3:27:25 PM"
"C:\Users\valde\OneDrive\Documents\52-at-52\run_images.backup-20260920-152821.json","5652","9/20/2026 3:28:12 PM"
"C:\Users\valde\OneDrive\Documents\52-at-52\run_images.backup-20260920-155928.json","6011","9/20/2026 3:28:32 PM"
"C:\Users\valde\OneDrive\Documents\52-at-52\run_images.backup-20260920-155945.json","6033","9/20/2026 3:59:28 PM"
"C:\Users\valde\OneDrive\Documents\52-at-52\run_images.backup-20260920-160432.json","6056","9/20/2026 3:59:46 PM"
"C:\Users\valde\OneDrive\Documents\52-at-52\run_images.backup-20260920-160452.json","6035","9/20/2026 4:04:32 PM"
"C:\Users\valde\OneDrive\Documents\52-at-52\run_images.json","6014","9/20/2026 4:04:52 PM"
"C:\Users\valde\OneDrive\Documents\52-at-52\site-folders.txt","822","9/15/2026 11:44:22 PM"
"C:\Users\valde\OneDrive\Documents\52-at-52\website-file-list.csv","0","9/20/2026 4:13:58 PM"
"C:\Users\valde\OneDrive\Documents\52-at-52\assets\images\run-43\1788136547815.png","1165626","9/9/2026 8:05:10 PM"
"C:\Users\valde\OneDrive\Documents\52-at-52\assets\images\run-43\alxc3008alex08469.jpg","891337","9/9/2026 8:05:10 PM"
"C:\Users\valde\OneDrive\Documents\52-at-52\assets\images\run-43\babo25824715271.jpg","452103","9/9/2026 8:05:10 PM"
"C:\Users\valde\OneDrive\Documents\52-at-52\assets\images\run-43\enil25824715518.jpg","1332848","9/9/2026 8:05:10 PM"
"C:\Users\valde\OneDrive\Documents\52-at-52\assets\images\run-43\jjor25824718057.jpg","818245","9/9/2026 8:05:10 PM"
"C:\Users\valde\OneDrive\Documents\52-at-52\assets\images\run-43\jvmf20260830201366.jpg","1688968","9/9/2026 8:05:10 PM"
"C:\Users\valde\OneDrive\Documents\52-at-52\assets\images\run-43\lldd25824712850.jpg","1343674","9/9/2026 8:05:10 PM"
"C:\Users\valde\OneDrive\Documents\52-at-52\assets\images\run-43\luot30008j109331.jpg","687065","9/9/2026 8:05:10 PM"
"C:\Users\valde\OneDrive\Documents\52-at-52\assets\images\run-43\luot30008l003451.jpg","1407990","9/9/2026 8:05:10 PM"
"C:\Users\valde\OneDrive\Documents\52-at-52\assets\images\run-43\onoa2582471232181.jpg","493396","9/9/2026 8:05:10 PM"
"C:\Users\valde\OneDrive\Documents\52-at-52\assets\images\run-43\pxl_20260829_221854185.jpg","5673879","9/9/2026 8:05:10 PM"
"C:\Users\valde\OneDrive\Documents\52-at-52\assets\images\run-43\pxl_20260830_085137336.jpg","2175455","9/9/2026 8:05:10 PM"
"C:\Users\valde\OneDrive\Documents\52-at-52\assets\images\run-43\pxl_20260830_090234286.jpg","6654550","9/9/2026 8:05:10 PM"
"C:\Users\valde\OneDrive\Documents\52-at-52\assets\images\run-43\pxl_20260830_094000207.jpg","5857928","9/9/2026 8:05:10 PM"
"C:\Users\valde\OneDrive\Documents\52-at-52\assets\images\run-43\pxl_20260830_094006114.jpg","7298740","9/9/2026 8:05:10 PM"
"C:\Users\valde\OneDrive\Documents\52-at-52\assets\images\run-43\pxl_20260830_094029345_exported_1788117793791.jpg","2700471","9/9/2026 8:05:10 PM"
"C:\Users\valde\OneDrive\Documents\52-at-52\assets\images\run-43\pxl_20260830_100006787.jpg","3212828","9/9/2026 8:05:10 PM"
"C:\Users\valde\OneDrive\Documents\52-at-52\assets\images\run-43\pxl_20260830_100135202.jpg","2077765","9/9/2026 8:05:10 PM"
"C:\Users\valde\OneDrive\Documents\52-at-52\assets\images\run-43\pxl_20260830_100452709.jpg","2244664","9/9/2026 8:05:10 PM"
"C:\Users\valde\OneDrive\Documents\52-at-52\assets\images\run-43\pxl_20260830_101245072.jpg","8352876","9/9/2026 8:05:10 PM"
"C:\Users\valde\OneDrive\Documents\52-at-52\assets\images\run-43\pxl_20260830_102638432.jpg","3146528","9/9/2026 8:05:10 PM"
"C:\Users\valde\OneDrive\Documents\52-at-52\assets\images\run-43\pxl_20260830_102805606.jpg","9854226","9/9/2026 8:05:11 PM"
"C:\Users\valde\OneDrive\Documents\52-at-52\assets\images\run-43\pxl_20260830_105511527.jpg","2122483","9/9/2026 8:05:10 PM"
"C:\Users\valde\OneDrive\Documents\52-at-52\assets\images\run-43\pxl_20260830_105830859.jpg","1828645","9/9/2026 8:05:10 PM"
"C:\Users\valde\OneDrive\Documents\52-at-52\assets\images\run-43\pxl_20260830_105848619.jpg","5769562","9/9/2026 8:05:10 PM"
"C:\Users\valde\OneDrive\Documents\52-at-52\assets\images\run-43\pxl_20260830_114128691.jpg","8603457","9/9/2026 8:05:11 PM"
"C:\Users\valde\OneDrive\Documents\52-at-52\assets\images\run-43\pxl_20260830_114849038.jpg","2144313","9/9/2026 8:05:10 PM"
"C:\Users\valde\OneDrive\Documents\52-at-52\assets\images\run-43\soon25824714961397.jpg","668027","9/9/2026 8:05:10 PM"
"C:\Users\valde\OneDrive\Documents\52-at-52\assets\images\run-43\strava map.png","1435810","9/9/2026 8:05:10 PM"
"C:\Users\valde\OneDrive\Documents\52-at-52\assets\images\run-43\vhon258247106046.jpg","943747","9/9/2026 8:05:10 PM"
"C:\Users\valde\OneDrive\Documents\52-at-52\content\new-runs\publish_run_OLD.py","17064","9/16/2026 12:04:01 AM"
"C:\Users\valde\OneDrive\Documents\52-at-52\content\new-runs\run-publishing-guide.md","11750","9/16/2026 12:04:30 AM"
"C:\Users\valde\OneDrive\Documents\52-at-52\content\new-runs\Run 32-add\fca12aaba1d877c2bdc2e94ff8b64b3d_3083.3333333333335_1782618466840.jpg","333053","9/20/2026 3:40:28 PM"
"C:\Users\valde\OneDrive\Documents\52-at-52\content\new-runs\Run 42\1788136682350.png","1791411","9/15/2026 11:23:38 PM"
"C:\Users\valde\OneDrive\Documents\52-at-52\content\new-runs\Run 42\data.txt","358","9/20/2026 2:51:16 PM"
"C:\Users\valde\OneDrive\Documents\52-at-52\content\new-runs\Run 42\PXL_20260824_121629458.jpg","3931900","9/15/2026 11:23:39 PM"
"C:\Users\valde\OneDrive\Documents\52-at-52\content\new-runs\Run 42\PXL_20260824_123552840.MP~2.jpg","2250114","9/15/2026 11:23:38 PM"
"C:\Users\valde\OneDrive\Documents\52-at-52\content\new-runs\Run 42\PXL_20260824_124403208_exported_1537_1787590251915.jpg","403663","9/15/2026 11:23:38 PM"
"C:\Users\valde\OneDrive\Documents\52-at-52\content\new-runs\Run 42\PXL_20260824_125356977~2.jpg","8394388","9/15/2026 11:23:39 PM"
"C:\Users\valde\OneDrive\Documents\52-at-52\content\new-runs\Run 42\PXL_20260824_130035188.jpg","7065902","9/15/2026 11:23:39 PM"
"C:\Users\valde\OneDrive\Documents\52-at-52\content\new-runs\Run 42\PXL_20260824_130648080.jpg","2939270","9/15/2026 11:23:38 PM"
"C:\Users\valde\OneDrive\Documents\52-at-52\content\new-runs\Run 42\PXL_20260824_131541954.MP.jpg","7360734","9/15/2026 11:23:39 PM"
"C:\Users\valde\OneDrive\Documents\52-at-52\content\new-runs\Run 42\PXL_20260824_132445703-EFFECTS.jpg","3170619","9/15/2026 11:23:39 PM"
"C:\Users\valde\OneDrive\Documents\52-at-52\content\new-runs\Run 42\PXL_20260824_133302529.jpg","10542547","9/15/2026 11:23:39 PM"
"C:\Users\valde\OneDrive\Documents\52-at-52\content\new-runs\Run 42\PXL_20260824_134130839.jpg","11906174","9/15/2026 11:23:39 PM"
"C:\Users\valde\OneDrive\Documents\52-at-52\content\new-runs\Run 42\PXL_20260824_140232433.jpg","3030231","9/15/2026 11:23:38 PM"
"C:\Users\valde\OneDrive\Documents\52-at-52\content\new-runs\Run 42\run-42-pampulha-en.md","2769","9/15/2026 11:29:57 PM"
"C:\Users\valde\OneDrive\Documents\52-at-52\content\new-runs\Run 42\run-42-pampulha-pt.md","3111","9/15/2026 11:30:00 PM"
"C:\Users\valde\OneDrive\Documents\52-at-52\content\new-runs\Run 42\Screenshot 2026-09-15 231945.png","1911766","9/15/2026 11:20:08 PM"
"C:\Users\valde\OneDrive\Documents\52-at-52\content\new-runs\Run 43-add\Ultramaratona Sergipe 2026 - Valder Oliveira.png","2036529","9/20/2026 3:57:00 PM"
"C:\Users\valde\OneDrive\Documents\52-at-52\content\new-runs\Run 44\data.txt","358","9/20/2026 2:49:13 PM"
"C:\Users\valde\OneDrive\Documents\52-at-52\content\new-runs\Run 44\PXL_20260907_160300794.jpg","875146","9/15/2026 10:50:25 PM"
"C:\Users\valde\OneDrive\Documents\52-at-52\content\new-runs\Run 44\PXL_20260907_162238987.jpg","645529","9/15/2026 10:50:19 PM"
"C:\Users\valde\OneDrive\Documents\52-at-52\content\new-runs\Run 44\PXL_20260907_163933768.jpg","666145","9/15/2026 10:50:15 PM"
"C:\Users\valde\OneDrive\Documents\52-at-52\content\new-runs\Run 44\PXL_20260907_164213511.jpg","518152","9/15/2026 10:50:11 PM"
"C:\Users\valde\OneDrive\Documents\52-at-52\content\new-runs\Run 44\PXL_20260907_170032348.MP.jpg","498199","9/15/2026 10:49:58 PM"
"C:\Users\valde\OneDrive\Documents\52-at-52\content\new-runs\Run 44\PXL_20260907_170642430.mp4","26394848","9/15/2026 10:49:48 PM"
"C:\Users\valde\OneDrive\Documents\52-at-52\content\new-runs\Run 44\PXL_20260907_174209189.mp4","62147115","9/15/2026 10:49:41 PM"
"C:\Users\valde\OneDrive\Documents\52-at-52\content\new-runs\Run 44\PXL_20260907_175758428.jpg","553093","9/15/2026 10:49:33 PM"
"C:\Users\valde\OneDrive\Documents\52-at-52\content\new-runs\Run 44\PXL_20260907_180646576.jpg","446273","9/15/2026 10:49:03 PM"
"C:\Users\valde\OneDrive\Documents\52-at-52\content\new-runs\Run 44\PXL_20260907_181345306.jpg","773803","9/15/2026 10:48:58 PM"
"C:\Users\valde\OneDrive\Documents\52-at-52\content\new-runs\Run 44\PXL_20260907_181730326.jpg","524186","9/15/2026 10:48:53 PM"
"C:\Users\valde\OneDrive\Documents\52-at-52\content\new-runs\Run 44\run-44-eng.md","2137","9/15/2026 11:01:57 PM"
"C:\Users\valde\OneDrive\Documents\52-at-52\content\new-runs\Run 44\run-44-pt.md","2406","9/15/2026 11:02:37 PM"
"C:\Users\valde\OneDrive\Documents\52-at-52\content\new-runs\Run 44\Screenshot 2026-09-15 224610.png","611135","9/15/2026 10:46:25 PM"
"C:\Users\valde\OneDrive\Documents\52-at-52\content\new-runs\Run 44\_1_gemini8.jpg","287054","9/15/2026 10:45:20 PM"
"C:\Users\valde\OneDrive\Documents\52-at-52\content\new-runs\Run 45\0ENzqTTuu3qN4ptgqcLIqu2QQEvB-9tLKTAqaVYHKpY-1536x2048.jpg","734819","9/15/2026 10:44:44 PM"
"C:\Users\valde\OneDrive\Documents\52-at-52\content\new-runs\Run 45\2FK3ttPVvA6Tj50-I7XORBN5oiNTl38kbVetqwmEwl4-2048x1536.jpg","326558","9/15/2026 10:43:50 PM"
"C:\Users\valde\OneDrive\Documents\52-at-52\content\new-runs\Run 45\41rBeDiJOGzltdG_BBdeVWDRgLd4446idLnalb7yqtM-1542x2048.jpg","863813","9/15/2026 10:44:36 PM"
"C:\Users\valde\OneDrive\Documents\52-at-52\content\new-runs\Run 45\79Jj_OHPI7llhgFw_HC_qxtlBdFrA-FiZ9lTHqJQ8i8-1536x2048.jpg","522603","9/15/2026 10:44:53 PM"
"C:\Users\valde\OneDrive\Documents\52-at-52\content\new-runs\Run 45\CHqoDo4W2lUvs6jwL-IUm6exZcWCKfdd0656KwiC7Mo-2048x1542.jpg","943244","9/15/2026 10:44:14 PM"
"C:\Users\valde\OneDrive\Documents\52-at-52\content\new-runs\Run 45\Corrida 45 - Almaden Quicksilver County Park.md","3533","9/15/2026 11:16:29 PM"
"C:\Users\valde\OneDrive\Documents\52-at-52\content\new-runs\Run 45\data.txt","422","9/20/2026 2:53:20 PM"
"C:\Users\valde\OneDrive\Documents\52-at-52\content\new-runs\Run 45\epPuiQAgHHxh98pZs9u8RLnnC2EeT4XKXYCa3vnyUfU-1542x2048.jpg","668704","9/15/2026 10:44:17 PM"
"C:\Users\valde\OneDrive\Documents\52-at-52\content\new-runs\Run 45\EyzQvAVrWBAtCJ98059nVUBllpl32WiDfDKKTbfF_64-1542x2048.jpg","899926","9/15/2026 10:44:49 PM"
"C:\Users\valde\OneDrive\Documents\52-at-52\content\new-runs\Run 45\IRabNyHajVbTIwI78Tz7hUUX98vLpcLt8ZFJefCx8mA-1542x2048.jpg","995553","9/15/2026 10:44:21 PM"
"C:\Users\valde\OneDrive\Documents\52-at-52\content\new-runs\Run 45\PXL_20260912_193131793.mp4","36205338","9/15/2026 10:47:18 PM"
"C:\Users\valde\OneDrive\Documents\52-at-52\content\new-runs\Run 45\Run 45 - Almaden Quicksilver County Park.md","3135","9/15/2026 11:15:57 PM"
"C:\Users\valde\OneDrive\Documents\52-at-52\content\new-runs\Run 45\Screenshot 2026-09-15 224122.png","649093","9/15/2026 10:42:49 PM"
"C:\Users\valde\OneDrive\Documents\52-at-52\content\new-runs\Run 45\snDaJddJJ_0nRgqJFxG3fVZDavnOkNNKBF3z7S5GL5I-2048x1542.jpg","663793","9/15/2026 10:44:01 PM"
"C:\Users\valde\OneDrive\Documents\52-at-52\content\new-runs\Run 45\Uipt1PP1NHTTuJQZCNvCtPKb4PH1OkqXD_yynp-gdM8-1542x2048.jpg","770458","9/15/2026 10:44:05 PM"
"C:\Users\valde\OneDrive\Documents\52-at-52\content\new-runs\Run 45\yvkGbDPAhldc7Jv30t_oNmekgTWudpWEEG6ZiNXYfsI-1542x2048.jpg","632061","9/15/2026 10:44:09 PM"
"C:\Users\valde\OneDrive\Documents\52-at-52\content\new-runs\Run 45\zK2wsXQ9nOwEOCdFTJGqKx2llK0oA9XnqVEFb8UBuog-2048x1542.jpg","704157","9/15/2026 10:44:40 PM"
"C:\Users\valde\OneDrive\Documents\52-at-52\content\new-runs\Run 45\_1_Gemini_Generated_Image_dg7jsxdg7jsxdg7j.jpg","2801353","9/15/2026 11:26:20 PM"
"C:\Users\valde\OneDrive\Documents\52-at-52\content\new-runs\Run 46\Corrida 46 - Dia de Bike na Angel Island e Veleiros.md","3192","9/20/2026 2:18:37 PM"
"C:\Users\valde\OneDrive\Documents\52-at-52\content\new-runs\Run 46\data.txt","417","9/20/2026 2:56:27 PM"
"C:\Users\valde\OneDrive\Documents\52-at-52\content\new-runs\Run 46\fitness dashboard.png","379595","9/20/2026 1:50:09 PM"
"C:\Users\valde\OneDrive\Documents\52-at-52\content\new-runs\Run 46\IMG-20260919-WA0001.jpg","3705344","9/20/2026 1:54:36 PM"
"C:\Users\valde\OneDrive\Documents\52-at-52\content\new-runs\Run 46\PXL_20260919_183606816~2.jpg","2301702","9/20/2026 1:54:35 PM"
"C:\Users\valde\OneDrive\Documents\52-at-52\content\new-runs\Run 46\PXL_20260919_190405829~2.jpg","9421756","9/20/2026 1:54:36 PM"
"C:\Users\valde\OneDrive\Documents\52-at-52\content\new-runs\Run 46\PXL_20260919_190950965~2.jpg","2304301","9/20/2026 1:54:35 PM"
"C:\Users\valde\OneDrive\Documents\52-at-52\content\new-runs\Run 46\PXL_20260919_191019423~2.jpg","7118949","9/20/2026 1:54:36 PM"
"C:\Users\valde\OneDrive\Documents\52-at-52\content\new-runs\Run 46\PXL_20260919_191223220~2.jpg","2606016","9/20/2026 1:54:36 PM"
"C:\Users\valde\OneDrive\Documents\52-at-52\content\new-runs\Run 46\PXL_20260919_191535868~2.jpg","5336600","9/20/2026 1:54:36 PM"
"C:\Users\valde\OneDrive\Documents\52-at-52\content\new-runs\Run 46\PXL_20260919_191559794.MP~2.jpg","1981891","9/20/2026 1:54:35 PM"
"C:\Users\valde\OneDrive\Documents\52-at-52\content\new-runs\Run 46\PXL_20260919_192734339~2.jpg","3383453","9/20/2026 1:54:35 PM"
"C:\Users\valde\OneDrive\Documents\52-at-52\content\new-runs\Run 46\PXL_20260919_192841321~2.jpg","3153796","9/20/2026 1:54:35 PM"
"C:\Users\valde\OneDrive\Documents\52-at-52\content\new-runs\Run 46\PXL_20260919_192951355~2.jpg","8912378","9/20/2026 1:54:36 PM"
"C:\Users\valde\OneDrive\Documents\52-at-52\content\new-runs\Run 46\PXL_20260919_193041143.PANO~2.jpg","5505770","9/20/2026 1:54:36 PM"
"C:\Users\valde\OneDrive\Documents\52-at-52\content\new-runs\Run 46\PXL_20260919_194204729~2.jpg","6133395","9/20/2026 1:54:36 PM"
"C:\Users\valde\OneDrive\Documents\52-at-52\content\new-runs\Run 46\PXL_20260919_194439223.MP~2.jpg","2086130","9/20/2026 1:54:35 PM"
"C:\Users\valde\OneDrive\Documents\52-at-52\content\new-runs\Run 46\PXL_20260919_195134771~2.jpg","4440286","9/20/2026 1:54:36 PM"
"C:\Users\valde\OneDrive\Documents\52-at-52\content\new-runs\Run 46\PXL_20260919_195824853.mp4","206292484","9/20/2026 1:54:35 PM"
"C:\Users\valde\OneDrive\Documents\52-at-52\content\new-runs\Run 46\PXL_20260919_203311122~2.jpg","14950526","9/20/2026 1:54:36 PM"
"C:\Users\valde\OneDrive\Documents\52-at-52\content\new-runs\Run 46\PXL_20260919_203722240~2.jpg","8321262","9/20/2026 1:54:36 PM"
"C:\Users\valde\OneDrive\Documents\52-at-52\content\new-runs\Run 46\PXL_20260919_203740948.jpg","8286738","9/20/2026 1:54:36 PM"
"C:\Users\valde\OneDrive\Documents\52-at-52\content\new-runs\Run 46\PXL_20260919_203843673~2.jpg","11124373","9/20/2026 1:54:35 PM"
"C:\Users\valde\OneDrive\Documents\52-at-52\content\new-runs\Run 46\Run 46 - Angel Island Bike Day and Sailboats.md","2953","9/20/2026 2:17:04 PM"
"C:\Users\valde\OneDrive\Documents\52-at-52\content\new-runs\Run 46\Strava_zoom out.png","1643684","9/20/2026 1:47:49 PM"
"C:\Users\valde\OneDrive\Documents\52-at-52\content\new-runs\Run 46\_1_Gemini_Generated_Image_isj532isj532isj5.jpg","2339151","9/20/2026 2:03:28 PM"
"C:\Users\valde\OneDrive\Documents\52-at-52\content\new-runs\_template\metadata.txt","561","9/9/2026 9:21:56 PM"
"C:\Users\valde\OneDrive\Documents\52-at-52\content\new-runs\_template\run-en.md","351","9/9/2026 9:22:17 PM"
"C:\Users\valde\OneDrive\Documents\52-at-52\content\new-runs\_template\run-pt.md","401","9/9/2026 9:22:19 PM"
"C:\Users\valde\OneDrive\Documents\52-at-52\data\posts.backup-20260916-002638.json","425","9/16/2026 12:23:02 AM"
"C:\Users\valde\OneDrive\Documents\52-at-52\data\posts.backup-20260916-002648.json","789","9/16/2026 12:26:43 AM"
"C:\Users\valde\OneDrive\Documents\52-at-52\data\posts.backup-20260916-004251.json","1167","9/16/2026 12:26:49 AM"
"C:\Users\valde\OneDrive\Documents\52-at-52\data\posts.backup-20260916-004256.json","1167","9/16/2026 12:42:56 AM"
"C:\Users\valde\OneDrive\Documents\52-at-52\data\posts.backup-20260916-004628.json","1167","9/16/2026 12:42:57 AM"
"C:\Users\valde\OneDrive\Documents\52-at-52\data\posts.json","1194","9/16/2026 12:46:29 AM"
"C:\Users\valde\OneDrive\Documents\52-at-52\data\runs.backup-20260920-145713.json","40014","9/9/2026 9:39:31 PM"
"C:\Users\valde\OneDrive\Documents\52-at-52\data\runs.backup-20260920-145721.json","40014","9/9/2026 9:39:31 PM"
"C:\Users\valde\OneDrive\Documents\52-at-52\data\runs.backup-20260920-145725.json","40014","9/9/2026 9:39:31 PM"
"C:\Users\valde\OneDrive\Documents\52-at-52\data\runs.backup-20260920-145727.json","40014","9/9/2026 9:39:31 PM"
"C:\Users\valde\OneDrive\Documents\52-at-52\data\runs.backup-20260920-152713.json","41424","9/20/2026 2:57:49 PM"
"C:\Users\valde\OneDrive\Documents\52-at-52\data\runs.backup-20260920-152807.json","42508","9/20/2026 3:27:25 PM"
"C:\Users\valde\OneDrive\Documents\52-at-52\data\runs.backup-20260920-152821.json","43589","9/20/2026 3:28:12 PM"
"C:\Users\valde\OneDrive\Documents\52-at-52\data\runs.json","44789","9/20/2026 3:28:32 PM"
"C:\Users\valde\OneDrive\Documents\52-at-52\data\run_images.backup-20260916-002638.json","319","9/16/2026 12:23:02 AM"
"C:\Users\valde\OneDrive\Documents\52-at-52\data\run_images.backup-20260916-002648.json","621","9/16/2026 12:26:43 AM"
"C:\Users\valde\OneDrive\Documents\52-at-52\data\run_images.backup-20260916-004251.json","973","9/16/2026 12:26:49 AM"
"C:\Users\valde\OneDrive\Documents\52-at-52\data\run_images.backup-20260916-004256.json","973","9/16/2026 12:42:56 AM"
"C:\Users\valde\OneDrive\Documents\52-at-52\data\run_images.backup-20260916-004628.json","973","9/16/2026 12:42:57 AM"
"C:\Users\valde\OneDrive\Documents\52-at-52\data\run_images.json","973","9/16/2026 12:46:29 AM"
"C:\Users\valde\OneDrive\Documents\52-at-52\guides\fuel-nutrition-en.html","7921","9/9/2026 8:05:09 PM"
"C:\Users\valde\OneDrive\Documents\52-at-52\guides\fuel-nutrition-pt.html","7921","9/9/2026 8:05:09 PM"
"C:\Users\valde\OneDrive\Documents\52-at-52\guides\fuel-nutrition.html","1667","9/9/2026 8:05:09 PM"
"C:\Users\valde\OneDrive\Documents\52-at-52\js\runs.js","6580","9/9/2026 8:05:09 PM"
"C:\Users\valde\OneDrive\Documents\52-at-52\media\1000043129.png","1494790","9/9/2026 8:04:58 PM"
"C:\Users\valde\OneDrive\Documents\52-at-52\media\1784123713220-edited.png","1304045","9/9/2026 8:04:58 PM"
"C:\Users\valde\OneDrive\Documents\52-at-52\media\1784123713220.png","1253125","9/9/2026 8:04:58 PM"
"C:\Users\valde\OneDrive\Documents\52-at-52\media\20260201-dscf7159-1.jpg","1343088","9/9/2026 8:04:58 PM"
"C:\Users\valde\OneDrive\Documents\52-at-52\media\20260201-dscf7159.jpg","1343088","9/9/2026 8:04:58 PM"
"C:\Users\valde\OneDrive\Documents\52-at-52\media\655fe026-0df1-43ad-897d-67f68131d68d.jpg","113210","9/9/2026 8:04:58 PM"
"C:\Users\valde\OneDrive\Documents\52-at-52\media\after-the-run-already-inside-the-ship-1.jpg","153151","9/9/2026 8:04:58 PM"
"C:\Users\valde\OneDrive\Documents\52-at-52\media\after-the-run-already-inside-the-ship.jpg","153151","9/9/2026 8:04:58 PM"
"C:\Users\valde\OneDrive\Documents\52-at-52\media\angel-islan.png","1968233","9/9/2026 8:04:58 PM"
"C:\Users\valde\OneDrive\Documents\52-at-52\media\as8tvm.gif","819200","9/9/2026 8:04:58 PM"
"C:\Users\valde\OneDrive\Documents\52-at-52\media\at-the-beginning-1-1.jpg","570257","9/9/2026 8:04:58 PM"
"C:\Users\valde\OneDrive\Documents\52-at-52\media\at-the-beginning-1.jpg","570257","9/9/2026 8:04:58 PM"
"C:\Users\valde\OneDrive\Documents\52-at-52\media\bh-brasil_photo0_mar-1-2026-1.jpg","6596602","9/9/2026 8:04:58 PM"
"C:\Users\valde\OneDrive\Documents\52-at-52\media\bh-brasil_photo0_mar-1-2026.jpg","6596602","9/9/2026 8:04:58 PM"
"C:\Users\valde\OneDrive\Documents\52-at-52\media\bh-brasil_photo1_mar-1-2026-1.jpg","5521257","9/9/2026 8:04:58 PM"
"C:\Users\valde\OneDrive\Documents\52-at-52\media\bh-brasil_photo1_mar-1-2026.jpg","5521257","9/9/2026 8:04:58 PM"
"C:\Users\valde\OneDrive\Documents\52-at-52\media\bh-brasil_photo2_mar-1-2026-1.jpg","2426091","9/9/2026 8:04:58 PM"
"C:\Users\valde\OneDrive\Documents\52-at-52\media\bh-brasil_photo2_mar-1-2026.jpg","2426091","9/9/2026 8:04:58 PM"
"C:\Users\valde\OneDrive\Documents\52-at-52\media\bh-brasil_photo3_mar-1-2026-1.jpg","2303139","9/9/2026 8:04:58 PM"
"C:\Users\valde\OneDrive\Documents\52-at-52\media\bh-brasil_photo3_mar-1-2026.jpg","2303139","9/9/2026 8:04:58 PM"
"C:\Users\valde\OneDrive\Documents\52-at-52\media\bh-brasil_photo4_mar-1-2026-1.jpg","3292493","9/9/2026 8:04:58 PM"
"C:\Users\valde\OneDrive\Documents\52-at-52\media\bh-brasil_photo4_mar-1-2026.jpg","3292493","9/9/2026 8:04:58 PM"
"C:\Users\valde\OneDrive\Documents\52-at-52\media\bh-brasil_photo5_mar-1-2026-1.jpg","5118326","9/9/2026 8:04:58 PM"
"C:\Users\valde\OneDrive\Documents\52-at-52\media\bh-brasil_photo5_mar-1-2026.jpg","5118326","9/9/2026 8:04:59 PM"
"C:\Users\valde\OneDrive\Documents\52-at-52\media\bh-brasil_photo6_mar-1-2026-1.jpg","3044343","9/9/2026 8:04:58 PM"
"C:\Users\valde\OneDrive\Documents\52-at-52\media\bh-brasil_photo6_mar-1-2026.jpg","3044343","9/9/2026 8:04:58 PM"
"C:\Users\valde\OneDrive\Documents\52-at-52\media\bh-brasil_photo7_mar-1-2026-1.jpg","6709810","9/9/2026 8:04:59 PM"
"C:\Users\valde\OneDrive\Documents\52-at-52\media\bh-brasil_photo7_mar-1-2026.jpg","6709810","9/9/2026 8:04:59 PM"
"C:\Users\valde\OneDrive\Documents\52-at-52\media\breakfast-after-run-1.jpg","282039","9/9/2026 8:04:59 PM"
"C:\Users\valde\OneDrive\Documents\52-at-52\media\breakfast-after-run.jpg","282039","9/9/2026 8:04:59 PM"
"C:\Users\valde\OneDrive\Documents\52-at-52\media\close-to-the-end-1.jpg","2672297","9/9/2026 8:04:59 PM"
"C:\Users\valde\OneDrive\Documents\52-at-52\media\close-to-the-end.jpg","2672297","9/9/2026 8:04:59 PM"
"C:\Users\valde\OneDrive\Documents\52-at-52\media\cofee.png","2323723","9/9/2026 8:04:59 PM"
"C:\Users\valde\OneDrive\Documents\52-at-52\media\create-a-vibrant-and-dynamic-featured-image-for-a-blog-7.png","1185814","9/9/2026 8:04:59 PM"
"C:\Users\valde\OneDrive\Documents\52-at-52\media\creek-along-the-way-1.jpg","9993925","9/9/2026 8:04:59 PM"
"C:\Users\valde\OneDrive\Documents\52-at-52\media\creek-along-the-way-2.jpg","9993925","9/9/2026 8:04:59 PM"
"C:\Users\valde\OneDrive\Documents\52-at-52\media\creek-along-the-way.jpg","9993925","9/9/2026 8:04:59 PM"
"C:\Users\valde\OneDrive\Documents\52-at-52\media\cropped-logo.png","71999","9/9/2026 8:04:59 PM"
"C:\Users\valde\OneDrive\Documents\52-at-52\media\ddde5af9-4d33-4bd4-af77-2037f939ecee.jpg","204846","9/9/2026 8:04:59 PM"
"C:\Users\valde\OneDrive\Documents\52-at-52\media\f6db5b56-9db7-491b-b11d-37854548788f.jpg","175423","9/9/2026 8:04:59 PM"
"C:\Users\valde\OneDrive\Documents\52-at-52\media\fitbit-charts.jpeg","63676","9/9/2026 8:04:59 PM"
"C:\Users\valde\OneDrive\Documents\52-at-52\media\fitbit-data-1.png","665029","9/9/2026 8:04:59 PM"
"C:\Users\valde\OneDrive\Documents\52-at-52\media\fitbit-data.png","665029","9/9/2026 8:04:59 PM"
"C:\Users\valde\OneDrive\Documents\52-at-52\media\fitbitshare_534665605.png","649518","9/9/2026 8:04:59 PM"
"C:\Users\valde\OneDrive\Documents\52-at-52\media\fitness-dashboard-for-fitbit-1.png","822357","9/9/2026 8:04:59 PM"
"C:\Users\valde\OneDrive\Documents\52-at-52\media\fitness-dashboard-for-fitbit.png","822357","9/9/2026 8:04:59 PM"
"C:\Users\valde\OneDrive\Documents\52-at-52\media\garmin-connect-charts-2.jpeg","63371","9/9/2026 8:04:59 PM"
"C:\Users\valde\OneDrive\Documents\52-at-52\media\garmin-connect-charts.jpeg","49400","9/9/2026 8:04:59 PM"
"C:\Users\valde\OneDrive\Documents\52-at-52\media\garmin-red_google-green.png","2906153","9/9/2026 8:04:59 PM"
"C:\Users\valde\OneDrive\Documents\52-at-52\media\gemini_generated_image_kf2seckf2seckf2s.png","7266062","9/9/2026 8:04:59 PM"
"C:\Users\valde\OneDrive\Documents\52-at-52\media\gemini_generated_image_psjvktpsjvktpsjv.png","7411858","9/9/2026 8:05:00 PM"
"C:\Users\valde\OneDrive\Documents\52-at-52\media\google-cafe_dec-6-2025-1.jpg","3974522","9/9/2026 8:04:59 PM"
"C:\Users\valde\OneDrive\Documents\52-at-52\media\google-cafe_dec-6-2025.jpg","3974522","9/9/2026 8:04:59 PM"
"C:\Users\valde\OneDrive\Documents\52-at-52\media\image-1-1.png","1323411","9/9/2026 8:04:59 PM"
"C:\Users\valde\OneDrive\Documents\52-at-52\media\image-1.png","499578","9/9/2026 8:04:59 PM"
"C:\Users\valde\OneDrive\Documents\52-at-52\media\image-10.png","1083795","9/9/2026 8:04:59 PM"
"C:\Users\valde\OneDrive\Documents\52-at-52\media\image-11.png","1090754","9/9/2026 8:04:59 PM"
"C:\Users\valde\OneDrive\Documents\52-at-52\media\image-12.png","249644","9/9/2026 8:04:59 PM"
"C:\Users\valde\OneDrive\Documents\52-at-52\media\image-13.png","290841","9/9/2026 8:04:59 PM"
"C:\Users\valde\OneDrive\Documents\52-at-52\media\image-14.png","2046449","9/9/2026 8:04:59 PM"
"C:\Users\valde\OneDrive\Documents\52-at-52\media\image-15.png","1723846","9/9/2026 8:05:00 PM"
"C:\Users\valde\OneDrive\Documents\52-at-52\media\image-16.png","722760","9/9/2026 8:05:00 PM"
"C:\Users\valde\OneDrive\Documents\52-at-52\media\image-17.png","5305027","9/9/2026 8:05:00 PM"
"C:\Users\valde\OneDrive\Documents\52-at-52\media\image-18.png","1291383","9/9/2026 8:05:00 PM"
"C:\Users\valde\OneDrive\Documents\52-at-52\media\image-19.png","106293","9/9/2026 8:05:00 PM"
"C:\Users\valde\OneDrive\Documents\52-at-52\media\image-2.png","1133613","9/9/2026 8:05:00 PM"
"C:\Users\valde\OneDrive\Documents\52-at-52\media\image-20.png","106293","9/9/2026 8:05:00 PM"
"C:\Users\valde\OneDrive\Documents\52-at-52\media\image-3-1.png","2112127","9/9/2026 8:05:00 PM"
"C:\Users\valde\OneDrive\Documents\52-at-52\media\image-3.png","2112127","9/9/2026 8:05:00 PM"
"C:\Users\valde\OneDrive\Documents\52-at-52\media\image-4-1.png","2856678","9/9/2026 8:05:00 PM"
"C:\Users\valde\OneDrive\Documents\52-at-52\media\image-4.png","2856678","9/9/2026 8:05:00 PM"
"C:\Users\valde\OneDrive\Documents\52-at-52\media\image-5.png","510534","9/9/2026 8:05:00 PM"
"C:\Users\valde\OneDrive\Documents\52-at-52\media\image-6.png","13652","9/9/2026 8:05:00 PM"
"C:\Users\valde\OneDrive\Documents\52-at-52\media\image-7.png","13652","9/9/2026 8:05:00 PM"
"C:\Users\valde\OneDrive\Documents\52-at-52\media\image-8.png","13532","9/9/2026 8:05:00 PM"
"C:\Users\valde\OneDrive\Documents\52-at-52\media\image-9.png","958665","9/9/2026 8:05:00 PM"
"C:\Users\valde\OneDrive\Documents\52-at-52\media\image.png","580473","9/9/2026 8:05:00 PM"
"C:\Users\valde\OneDrive\Documents\52-at-52\media\image_2f5db2d7.png","2255036","9/9/2026 8:05:00 PM"
"C:\Users\valde\OneDrive\Documents\52-at-52\media\img-20260801-wa0030111202480035327479.jpg","147487","9/9/2026 8:05:00 PM"
"C:\Users\valde\OneDrive\Documents\52-at-52\media\in-the-woods-1.jpg","5754030","9/9/2026 8:05:00 PM"
"C:\Users\valde\OneDrive\Documents\52-at-52\media\in-the-woods-2.jpg","5754030","9/9/2026 8:05:00 PM"
"C:\Users\valde\OneDrive\Documents\52-at-52\media\in-the-woods.jpg","5754030","9/9/2026 8:05:00 PM"
"C:\Users\valde\OneDrive\Documents\52-at-52\media\iomp208082105605222-1.jpg","662650","9/9/2026 8:05:00 PM"
"C:\Users\valde\OneDrive\Documents\52-at-52\media\iomp208082105605222.jpg","662650","9/9/2026 8:05:00 PM"
"C:\Users\valde\OneDrive\Documents\52-at-52\media\iomp208082108513-1.jpg","604796","9/9/2026 8:05:00 PM"
"C:\Users\valde\OneDrive\Documents\52-at-52\media\iomp208082108513.jpg","604796","9/9/2026 8:05:00 PM"
"C:\Users\valde\OneDrive\Documents\52-at-52\media\komoot-route-1.png","673262","9/9/2026 8:05:00 PM"
"C:\Users\valde\OneDrive\Documents\52-at-52\media\komoot-route.png","673262","9/9/2026 8:05:00 PM"
"C:\Users\valde\OneDrive\Documents\52-at-52\media\krek1526careca03608-1.jpg","551733","9/9/2026 8:05:00 PM"
"C:\Users\valde\OneDrive\Documents\52-at-52\media\krek1526careca03608.jpg","551733","9/9/2026 8:05:00 PM"
"C:\Users\valde\OneDrive\Documents\52-at-52\media\leaving.jpg","626959","9/9/2026 8:05:00 PM"
"C:\Users\valde\OneDrive\Documents\52-at-52\media\llfr20808210688-1.jpg","338742","9/9/2026 8:05:00 PM"
"C:\Users\valde\OneDrive\Documents\52-at-52\media\llfr20808210688.jpg","338742","9/9/2026 8:05:00 PM"
"C:\Users\valde\OneDrive\Documents\52-at-52\media\logo.png","15101","9/9/2026 8:05:00 PM"
"C:\Users\valde\OneDrive\Documents\52-at-52\media\map-and-splits.png","438820","9/9/2026 8:05:00 PM"
"C:\Users\valde\OneDrive\Documents\52-at-52\media\mapa-komoot_nov-22-2025.png","927030","9/9/2026 8:05:00 PM"
"C:\Users\valde\OneDrive\Documents\52-at-52\media\maragogi-map_mar-7-2026.png","156491","9/9/2026 8:05:00 PM"
"C:\Users\valde\OneDrive\Documents\52-at-52\media\muddy-dash-done-with-friends-from-work-1.jpg","1186920","9/9/2026 8:05:00 PM"
"C:\Users\valde\OneDrive\Documents\52-at-52\media\muddy-dash-done-with-friends-from-work.jpg","1186920","9/9/2026 8:05:00 PM"
"C:\Users\valde\OneDrive\Documents\52-at-52\media\muddy-dash-finish-line-for-the-2nd-time-1.jpg","3251234","9/9/2026 8:05:00 PM"
"C:\Users\valde\OneDrive\Documents\52-at-52\media\muddy-dash-finish-line-for-the-2nd-time.jpg","3251234","9/9/2026 8:05:00 PM"
"C:\Users\valde\OneDrive\Documents\52-at-52\media\one-battle-after-another.png","96182","9/9/2026 8:05:01 PM"
"C:\Users\valde\OneDrive\Documents\52-at-52\media\paris.png","901075","9/9/2026 8:05:01 PM"
"C:\Users\valde\OneDrive\Documents\52-at-52\media\pixel-data-via-fitness-dashboard.png","1079105","9/9/2026 8:05:00 PM"
"C:\Users\valde\OneDrive\Documents\52-at-52\media\preview2-1.jpg","212405","9/9/2026 8:05:00 PM"
"C:\Users\valde\OneDrive\Documents\52-at-52\media\preview2.jpg","212405","9/9/2026 8:05:00 PM"
"C:\Users\valde\OneDrive\Documents\52-at-52\media\pxl_20251108_152349205-1-1.jpg","2933486","9/9/2026 8:05:01 PM"
"C:\Users\valde\OneDrive\Documents\52-at-52\media\pxl_20251108_152349205-1-2.jpg","2933486","9/9/2026 8:05:01 PM"
"C:\Users\valde\OneDrive\Documents\52-at-52\media\pxl_20251108_152349205-1.jpg","2933486","9/9/2026 8:05:01 PM"
"C:\Users\valde\OneDrive\Documents\52-at-52\media\pxl_20251108_163901236.jpg","3074153","9/9/2026 8:05:01 PM"
"C:\Users\valde\OneDrive\Documents\52-at-52\media\pxl_20251108_185245633-1.jpg","3152830","9/9/2026 8:05:01 PM"
"C:\Users\valde\OneDrive\Documents\52-at-52\media\pxl_20251108_185245633.jpg","3152830","9/9/2026 8:05:01 PM"
"C:\Users\valde\OneDrive\Documents\52-at-52\media\pxl_20251108_191815622.mp_-1-1.jpg","7816942","9/9/2026 8:05:01 PM"
"C:\Users\valde\OneDrive\Documents\52-at-52\media\pxl_20251108_191815622.mp_-1.jpg","7816942","9/9/2026 8:05:01 PM"
"C:\Users\valde\OneDrive\Documents\52-at-52\media\pxl_20251108_191815622.mp_-2.jpg","3074153","9/9/2026 8:05:01 PM"
"C:\Users\valde\OneDrive\Documents\52-at-52\media\pxl_20251108_191815622.mp_.jpg","7816942","9/9/2026 8:05:01 PM"
"C:\Users\valde\OneDrive\Documents\52-at-52\media\pxl_20251115_184225305-edit-1.jpg","4291243","9/9/2026 8:05:01 PM"
"C:\Users\valde\OneDrive\Documents\52-at-52\media\pxl_20251115_184225305-edit.jpg","4291243","9/9/2026 8:05:01 PM"
"C:\Users\valde\OneDrive\Documents\52-at-52\media\pxl_20251115_200440879.mp-edit-1.jpg","3072968","9/9/2026 8:05:01 PM"
"C:\Users\valde\OneDrive\Documents\52-at-52\media\pxl_20251115_200440879.mp-edit.jpg","3072968","9/9/2026 8:05:01 PM"
"C:\Users\valde\OneDrive\Documents\52-at-52\media\pxl_20251115_205532285-1.jpg","2774426","9/9/2026 8:05:01 PM"
"C:\Users\valde\OneDrive\Documents\52-at-52\media\pxl_20251115_205532285.jpg","2774426","9/9/2026 8:05:01 PM"
"C:\Users\valde\OneDrive\Documents\52-at-52\media\pxl_20251115_205811143-1-1.jpg","1400627","9/9/2026 8:05:01 PM"
"C:\Users\valde\OneDrive\Documents\52-at-52\media\pxl_20251115_205811143-1.jpg","1400627","9/9/2026 8:05:01 PM"
"C:\Users\valde\OneDrive\Documents\52-at-52\media\pxl_20251129_183357199-1.jpg","2843438","9/9/2026 8:05:01 PM"
"C:\Users\valde\OneDrive\Documents\52-at-52\media\pxl_20251129_183357199.jpg","2843438","9/9/2026 8:05:01 PM"
"C:\Users\valde\OneDrive\Documents\52-at-52\media\pxl_20260118_213011322-1.jpg","610331","9/9/2026 8:05:01 PM"
"C:\Users\valde\OneDrive\Documents\52-at-52\media\pxl_20260118_213011322.jpg","610331","9/9/2026 8:05:01 PM"
"C:\Users\valde\OneDrive\Documents\52-at-52\media\pxl_20260118_220325056-1.jpg","339034","9/9/2026 8:05:01 PM"
"C:\Users\valde\OneDrive\Documents\52-at-52\media\pxl_20260118_220325056.jpg","339034","9/9/2026 8:05:01 PM"
"C:\Users\valde\OneDrive\Documents\52-at-52\media\pxl_20260118_222248854mp.jpg","74553","9/9/2026 8:05:01 PM"
"C:\Users\valde\OneDrive\Documents\52-at-52\media\pxl_20260412_175815980.mp_.jpg","5330026","9/9/2026 8:05:01 PM"
"C:\Users\valde\OneDrive\Documents\52-at-52\media\pxl_20260412_183453741.jpg","3004576","9/9/2026 8:05:01 PM"
"C:\Users\valde\OneDrive\Documents\52-at-52\media\pxl_20260412_191608300.jpg","3598807","9/9/2026 8:05:01 PM"
"C:\Users\valde\OneDrive\Documents\52-at-52\media\pxl_20260426_163333008.mp_.jpg","4773780","9/9/2026 8:05:02 PM"
"C:\Users\valde\OneDrive\Documents\52-at-52\media\pxl_20260426_164416857-1.jpg","3232130","9/9/2026 8:05:02 PM"
"C:\Users\valde\OneDrive\Documents\52-at-52\media\pxl_20260426_164416857.jpg","3232130","9/9/2026 8:05:02 PM"
"C:\Users\valde\OneDrive\Documents\52-at-52\media\pxl_20260426_171400294-1.jpg","2190127","9/9/2026 8:05:02 PM"
"C:\Users\valde\OneDrive\Documents\52-at-52\media\pxl_20260426_171400294.jpg","2190127","9/9/2026 8:05:02 PM"
"C:\Users\valde\OneDrive\Documents\52-at-52\media\pxl_20260429_153625359.mp_-1.jpg","5437457","9/9/2026 8:05:01 PM"
"C:\Users\valde\OneDrive\Documents\52-at-52\media\pxl_20260429_153625359.mp_-2.jpg","5437457","9/9/2026 8:05:02 PM"
"C:\Users\valde\OneDrive\Documents\52-at-52\media\pxl_20260429_153625359.mp_.jpg","5437457","9/9/2026 8:05:02 PM"
"C:\Users\valde\OneDrive\Documents\52-at-52\media\pxl_20260531_190527727.jpg","3712132","9/9/2026 8:05:02 PM"
"C:\Users\valde\OneDrive\Documents\52-at-52\media\pxl_20260628_192416165.mp_.jpg","9573996","9/9/2026 8:05:02 PM"
"C:\Users\valde\OneDrive\Documents\52-at-52\media\pxl_20260628_193046318.mp_.jpg","7218926","9/9/2026 8:05:02 PM"
"C:\Users\valde\OneDrive\Documents\52-at-52\media\pxl_20260628_193054845.mp_.jpg","5962508","9/9/2026 8:05:02 PM"
"C:\Users\valde\OneDrive\Documents\52-at-52\media\pxl_20260815_160049281.jpg","4768455","9/9/2026 8:05:02 PM"
"C:\Users\valde\OneDrive\Documents\52-at-52\media\pxl_20260815_173930381.jpg","13704809","9/9/2026 8:05:03 PM"
"C:\Users\valde\OneDrive\Documents\52-at-52\media\pxl_20260815_174409701.jpg","13858409","9/9/2026 8:05:03 PM"
"C:\Users\valde\OneDrive\Documents\52-at-52\media\pxl_20260815_182702999.jpg","10110045","9/9/2026 8:05:02 PM"
"C:\Users\valde\OneDrive\Documents\52-at-52\media\remaining-distance.jpg","3472194","9/9/2026 8:05:02 PM"
"C:\Users\valde\OneDrive\Documents\52-at-52\media\route-map.png","4318755","9/9/2026 8:05:02 PM"
"C:\Users\valde\OneDrive\Documents\52-at-52\media\run01_01.jpg","212405","9/9/2026 8:05:02 PM"
"C:\Users\valde\OneDrive\Documents\52-at-52\media\run01_02.jpg","2933486","9/9/2026 8:05:02 PM"
"C:\Users\valde\OneDrive\Documents\52-at-52\media\run01_03.jpg","3074153","9/9/2026 8:05:02 PM"
"C:\Users\valde\OneDrive\Documents\52-at-52\media\run01_04.jpg","2933486","9/9/2026 8:05:02 PM"
"C:\Users\valde\OneDrive\Documents\52-at-52\media\run01_05.jpg","2933486","9/9/2026 8:05:02 PM"
"C:\Users\valde\OneDrive\Documents\52-at-52\media\run01_06.jpg","3152830","9/9/2026 8:05:02 PM"
"C:\Users\valde\OneDrive\Documents\52-at-52\media\run01_07.jpg","3152830","9/9/2026 8:05:02 PM"
"C:\Users\valde\OneDrive\Documents\52-at-52\media\run01_08.jpg","7816942","9/9/2026 8:05:03 PM"
"C:\Users\valde\OneDrive\Documents\52-at-52\media\run01_09.jpg","7816942","9/9/2026 8:05:03 PM"
"C:\Users\valde\OneDrive\Documents\52-at-52\media\run01_10.jpg","3074153","9/9/2026 8:05:02 PM"
"C:\Users\valde\OneDrive\Documents\52-at-52\media\run01_11.jpg","7816942","9/9/2026 8:05:03 PM"
"C:\Users\valde\OneDrive\Documents\52-at-52\media\run02_01.jpg","1400627","9/9/2026 8:05:02 PM"
"C:\Users\valde\OneDrive\Documents\52-at-52\media\run02_02.jpg","2774426","9/9/2026 8:05:02 PM"
"C:\Users\valde\OneDrive\Documents\52-at-52\media\run02_03.jpg","3072968","9/9/2026 8:05:03 PM"
"C:\Users\valde\OneDrive\Documents\52-at-52\media\run02_04.jpg","4291243","9/9/2026 8:05:03 PM"
"C:\Users\valde\OneDrive\Documents\52-at-52\media\run02_05.jpg","4291243","9/9/2026 8:05:03 PM"
"C:\Users\valde\OneDrive\Documents\52-at-52\media\run02_06.jpg","3072968","9/9/2026 8:05:03 PM"
"C:\Users\valde\OneDrive\Documents\52-at-52\media\run02_07.jpg","2774426","9/9/2026 8:05:03 PM"
"C:\Users\valde\OneDrive\Documents\52-at-52\media\run02_08.jpg","1400627","9/9/2026 8:05:03 PM"
"C:\Users\valde\OneDrive\Documents\52-at-52\media\run03_01.png","927030","9/9/2026 8:05:03 PM"
"C:\Users\valde\OneDrive\Documents\52-at-52\media\run03_02.jpg","9993925","9/9/2026 8:05:03 PM"
"C:\Users\valde\OneDrive\Documents\52-at-52\media\run03_03.jpg","3251234","9/9/2026 8:05:03 PM"
"C:\Users\valde\OneDrive\Documents\52-at-52\media\run03_04.jpg","1186920","9/9/2026 8:05:03 PM"
"C:\Users\valde\OneDrive\Documents\52-at-52\media\run04_01.png","438820","9/9/2026 8:05:03 PM"
"C:\Users\valde\OneDrive\Documents\52-at-52\media\run04_02.jpg","2843438","9/9/2026 8:05:03 PM"
"C:\Users\valde\OneDrive\Documents\52-at-52\media\run04_03.jpg","2843438","9/9/2026 8:05:03 PM"
"C:\Users\valde\OneDrive\Documents\52-at-52\media\run05_01.png","499578","9/9/2026 8:05:03 PM"
"C:\Users\valde\OneDrive\Documents\52-at-52\media\run05_02.jpg","3974522","9/9/2026 8:05:03 PM"
"C:\Users\valde\OneDrive\Documents\52-at-52\media\run06_01.png","649518","9/9/2026 8:05:03 PM"
"C:\Users\valde\OneDrive\Documents\52-at-52\media\run06_02.png","2906153","9/9/2026 8:05:03 PM"
"C:\Users\valde\OneDrive\Documents\52-at-52\media\run07_01.png","1133613","9/9/2026 8:05:03 PM"
"C:\Users\valde\OneDrive\Documents\52-at-52\media\run07_02.png","2112127","9/9/2026 8:05:03 PM"
"C:\Users\valde\OneDrive\Documents\52-at-52\media\run07_03.png","2856678","9/9/2026 8:05:03 PM"
"C:\Users\valde\OneDrive\Documents\52-at-52\media\run08_01.png","822357","9/9/2026 8:05:03 PM"
"C:\Users\valde\OneDrive\Documents\52-at-52\media\run08_02.jpeg","341512","9/9/2026 8:05:04 PM"
"C:\Users\valde\OneDrive\Documents\52-at-52\media\run08_03.jpeg","463846","9/9/2026 8:05:03 PM"
"C:\Users\valde\OneDrive\Documents\52-at-52\media\run08_04.jpeg","353934","9/9/2026 8:05:04 PM"
"C:\Users\valde\OneDrive\Documents\52-at-52\media\run09_01.jpg","3472194","9/9/2026 8:05:04 PM"
"C:\Users\valde\OneDrive\Documents\52-at-52\media\run09_02.jpg","331792","9/9/2026 8:05:04 PM"
"C:\Users\valde\OneDrive\Documents\52-at-52\media\run09_03.jpg","153151","9/9/2026 8:05:04 PM"
"C:\Users\valde\OneDrive\Documents\52-at-52\media\run09_04.jpg","282039","9/9/2026 8:05:04 PM"
"C:\Users\valde\OneDrive\Documents\52-at-52\media\run10_01.png","507877","9/9/2026 8:05:04 PM"
"C:\Users\valde\OneDrive\Documents\52-at-52\media\run10_02.png","96182","9/9/2026 8:05:04 PM"
"C:\Users\valde\OneDrive\Documents\52-at-52\media\run11_01.png","673262","9/9/2026 8:05:04 PM"
"C:\Users\valde\OneDrive\Documents\52-at-52\media\run11_02.png","47908","9/9/2026 8:05:04 PM"
"C:\Users\valde\OneDrive\Documents\52-at-52\media\run11_03.jpg","610331","9/9/2026 8:05:04 PM"
"C:\Users\valde\OneDrive\Documents\52-at-52\media\run11_04.jpg","339034","9/9/2026 8:05:04 PM"
"C:\Users\valde\OneDrive\Documents\52-at-52\media\run11_05.jpg","74553","9/9/2026 8:05:04 PM"
"C:\Users\valde\OneDrive\Documents\52-at-52\media\run12_01.jpg","610331","9/9/2026 8:05:04 PM"
"C:\Users\valde\OneDrive\Documents\52-at-52\media\run12_02.jpg","610331","9/9/2026 8:05:04 PM"
"C:\Users\valde\OneDrive\Documents\52-at-52\media\run12_03.jpg","339034","9/9/2026 8:05:04 PM"
"C:\Users\valde\OneDrive\Documents\52-at-52\media\run12_04.jpg","339034","9/9/2026 8:05:04 PM"
"C:\Users\valde\OneDrive\Documents\52-at-52\media\run12_05.jpg","74553","9/9/2026 8:05:04 PM"
"C:\Users\valde\OneDrive\Documents\52-at-52\media\run13_01.png","510534","9/9/2026 8:05:04 PM"
"C:\Users\valde\OneDrive\Documents\52-at-52\media\run13_02.jpg","1343088","9/9/2026 8:05:04 PM"
"C:\Users\valde\OneDrive\Documents\52-at-52\media\run13_03.png","2856678","9/9/2026 8:05:04 PM"
"C:\Users\valde\OneDrive\Documents\52-at-52\media\run14_01.jpg","2672297","9/9/2026 8:05:04 PM"
"C:\Users\valde\OneDrive\Documents\52-at-52\media\run14_02.jpg","626959","9/9/2026 8:05:04 PM"
"C:\Users\valde\OneDrive\Documents\52-at-52\media\run14_03.png","665029","9/9/2026 8:05:04 PM"
"C:\Users\valde\OneDrive\Documents\52-at-52\media\run14_04.jpg","5754030","9/9/2026 8:05:04 PM"
"C:\Users\valde\OneDrive\Documents\52-at-52\media\run14_05.jpg","5002742","9/9/2026 8:05:04 PM"
"C:\Users\valde\OneDrive\Documents\52-at-52\media\run14_06.png","665029","9/9/2026 8:05:04 PM"
"C:\Users\valde\OneDrive\Documents\52-at-52\media\run14_07.jpg","1343088","9/9/2026 8:05:04 PM"
"C:\Users\valde\OneDrive\Documents\52-at-52\media\run14_08.jpg","1343088","9/9/2026 8:05:04 PM"
"C:\Users\valde\OneDrive\Documents\52-at-52\media\run15_01.jpeg","63676","9/9/2026 8:05:04 PM"
"C:\Users\valde\OneDrive\Documents\52-at-52\media\run15_02.jpeg","49400","9/9/2026 8:05:04 PM"
"C:\Users\valde\OneDrive\Documents\52-at-52\media\run15_03.jpeg","63371","9/9/2026 8:05:04 PM"
"C:\Users\valde\OneDrive\Documents\52-at-52\media\run15_04.jpeg","44463","9/9/2026 8:05:04 PM"
"C:\Users\valde\OneDrive\Documents\52-at-52\media\run16_01.png","901075","9/9/2026 8:05:04 PM"
"C:\Users\valde\OneDrive\Documents\52-at-52\media\run17_01.jpg","5521257","9/9/2026 8:05:04 PM"
"C:\Users\valde\OneDrive\Documents\52-at-52\media\run17_02.jpg","5118326","9/9/2026 8:05:04 PM"
"C:\Users\valde\OneDrive\Documents\52-at-52\media\run17_03.jpg","6709810","9/9/2026 8:05:05 PM"
"C:\Users\valde\OneDrive\Documents\52-at-52\media\run17_04.jpg","2303139","9/9/2026 8:05:04 PM"
"C:\Users\valde\OneDrive\Documents\52-at-52\media\run17_05.jpg","2426091","9/9/2026 8:05:04 PM"
"C:\Users\valde\OneDrive\Documents\52-at-52\media\run17_06.jpg","3292493","9/9/2026 8:05:04 PM"
"C:\Users\valde\OneDrive\Documents\52-at-52\media\run17_07.jpg","3044343","9/9/2026 8:05:04 PM"
"C:\Users\valde\OneDrive\Documents\52-at-52\media\run17_08.png","580473","9/9/2026 8:05:04 PM"
"C:\Users\valde\OneDrive\Documents\52-at-52\media\run18_01.png","156491","9/9/2026 8:05:04 PM"
"C:\Users\valde\OneDrive\Documents\52-at-52\media\run19_01.jpg","338742","9/9/2026 8:05:04 PM"
"C:\Users\valde\OneDrive\Documents\52-at-52\media\run19_02.jpg","367686","9/9/2026 8:05:04 PM"
"C:\Users\valde\OneDrive\Documents\52-at-52\media\run19_03.jpg","551733","9/9/2026 8:05:04 PM"
"C:\Users\valde\OneDrive\Documents\52-at-52\media\run19_04.jpg","662650","9/9/2026 8:05:04 PM"
"C:\Users\valde\OneDrive\Documents\52-at-52\media\run19_05.jpg","604796","9/9/2026 8:05:04 PM"
"C:\Users\valde\OneDrive\Documents\52-at-52\media\run20_01.png","654048","9/9/2026 8:05:05 PM"
"C:\Users\valde\OneDrive\Documents\52-at-52\media\run21_01.png","580473","9/9/2026 8:05:05 PM"
"C:\Users\valde\OneDrive\Documents\52-at-52\media\run22_01.jpg","5330026","9/9/2026 8:05:05 PM"
"C:\Users\valde\OneDrive\Documents\52-at-52\media\run22_02.jpg","3598807","9/9/2026 8:05:05 PM"
"C:\Users\valde\OneDrive\Documents\52-at-52\media\run22_03.jpg","3004576","9/9/2026 8:05:05 PM"
"C:\Users\valde\OneDrive\Documents\52-at-52\media\run23_01.png","499578","9/9/2026 8:05:05 PM"
"C:\Users\valde\OneDrive\Documents\52-at-52\media\run24_01.jpg","3232130","9/9/2026 8:05:05 PM"
"C:\Users\valde\OneDrive\Documents\52-at-52\media\run24_01.png","2112127","9/9/2026 8:05:06 PM"
"C:\Users\valde\OneDrive\Documents\52-at-52\media\run24_02.jpg","2190127","9/9/2026 8:05:05 PM"
"C:\Users\valde\OneDrive\Documents\52-at-52\media\run24_02.png","1133613","9/9/2026 8:05:05 PM"
"C:\Users\valde\OneDrive\Documents\52-at-52\media\run24_03.png","2112127","9/9/2026 8:05:05 PM"
"C:\Users\valde\OneDrive\Documents\52-at-52\media\run24_04.png","1133613","9/9/2026 8:05:05 PM"
"C:\Users\valde\OneDrive\Documents\52-at-52\media\run24_05.jpg","5330026","9/9/2026 8:05:05 PM"
"C:\Users\valde\OneDrive\Documents\52-at-52\media\run24_06.jpg","3004576","9/9/2026 8:05:06 PM"
"C:\Users\valde\OneDrive\Documents\52-at-52\media\run24_07.jpg","3598807","9/9/2026 8:05:05 PM"
"C:\Users\valde\OneDrive\Documents\52-at-52\media\run25_01.png","580473","9/9/2026 8:05:05 PM"
"C:\Users\valde\OneDrive\Documents\52-at-52\media\run25_02.jpg","5437457","9/9/2026 8:05:05 PM"
"C:\Users\valde\OneDrive\Documents\52-at-52\media\run26_01.png","1133613","9/9/2026 8:05:05 PM"
"C:\Users\valde\OneDrive\Documents\52-at-52\media\run26_02.png","499578","9/9/2026 8:05:05 PM"
"C:\Users\valde\OneDrive\Documents\52-at-52\media\run26_03.jpg","4773780","9/9/2026 8:05:05 PM"
"C:\Users\valde\OneDrive\Documents\52-at-52\media\run26_04.jpg","3232130","9/9/2026 8:05:05 PM"
"C:\Users\valde\OneDrive\Documents\52-at-52\media\run26_05.jpg","3232130","9/9/2026 8:05:05 PM"
"C:\Users\valde\OneDrive\Documents\52-at-52\media\run26_06.jpg","2190127","9/9/2026 8:05:05 PM"
"C:\Users\valde\OneDrive\Documents\52-at-52\media\run26_07.jpg","2190127","9/9/2026 8:05:05 PM"
"C:\Users\valde\OneDrive\Documents\52-at-52\media\run27_01.png","2046449","9/9/2026 8:05:05 PM"
"C:\Users\valde\OneDrive\Documents\52-at-52\media\run27_02.png","1723846","9/9/2026 8:05:05 PM"
"C:\Users\valde\OneDrive\Documents\52-at-52\media\run27_03.jpg","5437457","9/9/2026 8:05:06 PM"
"C:\Users\valde\OneDrive\Documents\52-at-52\media\run27_04.jpg","5437457","9/9/2026 8:05:05 PM"
"C:\Users\valde\OneDrive\Documents\52-at-52\media\run27_05.jpg","5437457","9/9/2026 8:05:05 PM"
"C:\Users\valde\OneDrive\Documents\52-at-52\media\run28_01.png","1494790","9/9/2026 8:05:05 PM"
"C:\Users\valde\OneDrive\Documents\52-at-52\media\run28_02.gif","819200","9/9/2026 8:05:05 PM"
"C:\Users\valde\OneDrive\Documents\52-at-52\media\run28_02.png","1968233","9/9/2026 8:05:06 PM"
"C:\Users\valde\OneDrive\Documents\52-at-52\media\run28_03.png","722760","9/9/2026 8:05:05 PM"
"C:\Users\valde\OneDrive\Documents\52-at-52\media\run29_01.png","1291383","9/9/2026 8:05:05 PM"
"C:\Users\valde\OneDrive\Documents\52-at-52\media\run29_02.png","5305027","9/9/2026 8:05:06 PM"
"C:\Users\valde\OneDrive\Documents\52-at-52\media\run29_03.png","106293","9/9/2026 8:05:06 PM"
"C:\Users\valde\OneDrive\Documents\52-at-52\media\run29_04.png","106293","9/9/2026 8:05:06 PM"
"C:\Users\valde\OneDrive\Documents\52-at-52\media\run30_01.jpg","3712132","9/9/2026 8:05:06 PM"
"C:\Users\valde\OneDrive\Documents\52-at-52\media\run30_01.png","291096","9/9/2026 8:05:06 PM"
"C:\Users\valde\OneDrive\Documents\52-at-52\media\run30_02.png","291096","9/9/2026 8:05:06 PM"
"C:\Users\valde\OneDrive\Documents\52-at-52\media\run31_01.jpg","113210","9/9/2026 8:05:06 PM"
"C:\Users\valde\OneDrive\Documents\52-at-52\media\run31_02.png","472938","9/9/2026 8:05:06 PM"
"C:\Users\valde\OneDrive\Documents\52-at-52\media\run31_03.png","472938","9/9/2026 8:05:06 PM"
"C:\Users\valde\OneDrive\Documents\52-at-52\media\run32_004.webp","227784","9/20/2026 3:59:46 PM"
"C:\Users\valde\OneDrive\Documents\52-at-52\media\run32_01.png","7411858","9/9/2026 8:05:06 PM"
"C:\Users\valde\OneDrive\Documents\52-at-52\media\run32_02.png","330548","9/9/2026 8:05:06 PM"
"C:\Users\valde\OneDrive\Documents\52-at-52\media\run32_03.jpg","355428","9/9/2026 8:05:06 PM"
"C:\Users\valde\OneDrive\Documents\52-at-52\media\run33_01.jpg","175423","9/9/2026 8:05:06 PM"
"C:\Users\valde\OneDrive\Documents\52-at-52\media\run33_02.png","540391","9/9/2026 8:05:06 PM"
"C:\Users\valde\OneDrive\Documents\52-at-52\media\run34_01.jpg","204846","9/9/2026 8:05:06 PM"
"C:\Users\valde\OneDrive\Documents\52-at-52\media\run34_02.jpg","9573996","9/9/2026 8:05:06 PM"
"C:\Users\valde\OneDrive\Documents\52-at-52\media\run34_03.jpg","7218926","9/9/2026 8:05:06 PM"
"C:\Users\valde\OneDrive\Documents\52-at-52\media\run34_04.jpg","5962508","9/9/2026 8:05:06 PM"
"C:\Users\valde\OneDrive\Documents\52-at-52\media\run34_05.png","580473","9/9/2026 8:05:06 PM"
"C:\Users\valde\OneDrive\Documents\52-at-52\media\run35_01.png","7266062","9/9/2026 8:05:06 PM"
"C:\Users\valde\OneDrive\Documents\52-at-52\media\run35_02.png","579925","9/9/2026 8:05:06 PM"
"C:\Users\valde\OneDrive\Documents\52-at-52\media\run36_01.png","1304045","9/9/2026 8:05:06 PM"
"C:\Users\valde\OneDrive\Documents\52-at-52\media\run36_02.png","580473","9/9/2026 8:05:06 PM"
"C:\Users\valde\OneDrive\Documents\52-at-52\media\run37_02.png","481532","9/9/2026 8:05:06 PM"
"C:\Users\valde\OneDrive\Documents\52-at-52\media\run38_01.png","1323411","9/9/2026 8:05:06 PM"
"C:\Users\valde\OneDrive\Documents\52-at-52\media\run38_02.png","4318755","9/9/2026 8:05:06 PM"
"C:\Users\valde\OneDrive\Documents\52-at-52\media\run39_01.jpg","147487","9/9/2026 8:05:06 PM"
"C:\Users\valde\OneDrive\Documents\52-at-52\media\run39_02.png","1356494","9/9/2026 8:05:06 PM"
"C:\Users\valde\OneDrive\Documents\52-at-52\media\run40_02.png","1079105","9/9/2026 8:05:06 PM"
"C:\Users\valde\OneDrive\Documents\52-at-52\media\run41_01.png","2255036","9/9/2026 8:05:07 PM"
"C:\Users\valde\OneDrive\Documents\52-at-52\media\run41_02.png","567671","9/9/2026 8:05:06 PM"
"C:\Users\valde\OneDrive\Documents\52-at-52\media\run41_03.jpg","4768455","9/9/2026 8:05:07 PM"
"C:\Users\valde\OneDrive\Documents\52-at-52\media\run41_04.jpg","13704809","9/9/2026 8:05:07 PM"
"C:\Users\valde\OneDrive\Documents\52-at-52\media\run41_05.jpg","13858409","9/9/2026 8:05:07 PM"
"C:\Users\valde\OneDrive\Documents\52-at-52\media\run41_06.jpg","10110045","9/9/2026 8:05:07 PM"
"C:\Users\valde\OneDrive\Documents\52-at-52\media\run42_001.png","1756260","9/20/2026 3:27:14 PM"
"C:\Users\valde\OneDrive\Documents\52-at-52\media\run42_002.webp","600588","9/20/2026 3:27:15 PM"
"C:\Users\valde\OneDrive\Documents\52-at-52\media\run42_003.webp","521834","9/20/2026 3:27:16 PM"
"C:\Users\valde\OneDrive\Documents\52-at-52\media\run42_004.webp","442638","9/20/2026 3:27:16 PM"
"C:\Users\valde\OneDrive\Documents\52-at-52\media\run42_005.png","1711666","9/20/2026 3:27:17 PM"
"C:\Users\valde\OneDrive\Documents\52-at-52\media\run42_006.webp","207310","9/20/2026 3:27:17 PM"
"C:\Users\valde\OneDrive\Documents\52-at-52\media\run42_007.webp","345500","9/20/2026 3:27:18 PM"
"C:\Users\valde\OneDrive\Documents\52-at-52\media\run42_008.webp","778598","9/20/2026 3:27:19 PM"
"C:\Users\valde\OneDrive\Documents\52-at-52\media\run42_009.webp","238118","9/20/2026 3:27:20 PM"
"C:\Users\valde\OneDrive\Documents\52-at-52\media\run42_010.webp","737054","9/20/2026 3:27:21 PM"
"C:\Users\valde\OneDrive\Documents\52-at-52\media\run42_011.webp","605566","9/20/2026 3:27:23 PM"
"C:\Users\valde\OneDrive\Documents\52-at-52\media\run42_012.webp","520594","9/20/2026 3:27:24 PM"
"C:\Users\valde\OneDrive\Documents\52-at-52\media\run42_013.webp","633504","9/20/2026 3:27:25 PM"
"C:\Users\valde\OneDrive\Documents\52-at-52\media\run43_001.jpg","1407990","9/9/2026 8:05:07 PM"
"C:\Users\valde\OneDrive\Documents\52-at-52\media\run43_002.jpg","687065","9/9/2026 8:05:07 PM"
"C:\Users\valde\OneDrive\Documents\52-at-52\media\run43_003.jpg","891337","9/9/2026 8:05:07 PM"
"C:\Users\valde\OneDrive\Documents\52-at-52\media\run43_004.jpg","1688968","9/9/2026 8:05:07 PM"
"C:\Users\valde\OneDrive\Documents\52-at-52\media\run43_005.jpg","668027","9/9/2026 8:05:07 PM"
"C:\Users\valde\OneDrive\Documents\52-at-52\media\run43_006.jpg","818245","9/9/2026 8:05:07 PM"
"C:\Users\valde\OneDrive\Documents\52-at-52\media\run43_007.jpg","1332848","9/9/2026 8:05:07 PM"
"C:\Users\valde\OneDrive\Documents\52-at-52\media\run43_008.jpg","452103","9/9/2026 8:05:07 PM"
"C:\Users\valde\OneDrive\Documents\52-at-52\media\run43_009.jpg","1343674","9/9/2026 8:05:07 PM"
"C:\Users\valde\OneDrive\Documents\52-at-52\media\run43_010.jpg","493396","9/9/2026 8:05:07 PM"
"C:\Users\valde\OneDrive\Documents\52-at-52\media\run43_011.jpg","943747","9/9/2026 8:05:07 PM"
"C:\Users\valde\OneDrive\Documents\52-at-52\media\run43_012.jpg","2144313","9/9/2026 8:05:07 PM"
"C:\Users\valde\OneDrive\Documents\52-at-52\media\run43_013.png","1165626","9/9/2026 8:05:07 PM"
"C:\Users\valde\OneDrive\Documents\52-at-52\media\run43_014.jpg","7298740","9/9/2026 8:05:07 PM"
"C:\Users\valde\OneDrive\Documents\52-at-52\media\run43_015.jpg","1828645","9/9/2026 8:05:07 PM"
"C:\Users\valde\OneDrive\Documents\52-at-52\media\run43_016.jpg","3146528","9/9/2026 8:05:07 PM"
"C:\Users\valde\OneDrive\Documents\52-at-52\media\run43_017.jpg","2700471","9/9/2026 8:05:07 PM"
"C:\Users\valde\OneDrive\Documents\52-at-52\media\run43_018.jpg","2077765","9/9/2026 8:05:07 PM"
"C:\Users\valde\OneDrive\Documents\52-at-52\media\run43_019.jpg","2175455","9/9/2026 8:05:07 PM"
"C:\Users\valde\OneDrive\Documents\52-at-52\media\run43_020.jpg","9854226","9/9/2026 8:05:08 PM"
"C:\Users\valde\OneDrive\Documents\52-at-52\media\run43_021.jpg","8352876","9/9/2026 8:05:08 PM"
"C:\Users\valde\OneDrive\Documents\52-at-52\media\run43_022.jpg","8603457","9/9/2026 8:05:08 PM"
"C:\Users\valde\OneDrive\Documents\52-at-52\media\run43_023.jpg","5857928","9/9/2026 8:05:07 PM"
"C:\Users\valde\OneDrive\Documents\52-at-52\media\run43_024.jpg","5673879","9/9/2026 8:05:07 PM"
"C:\Users\valde\OneDrive\Documents\52-at-52\media\run43_025.jpg","5769562","9/9/2026 8:05:07 PM"
"C:\Users\valde\OneDrive\Documents\52-at-52\media\run43_026.jpg","2244664","9/9/2026 8:05:08 PM"
"C:\Users\valde\OneDrive\Documents\52-at-52\media\run43_027.jpg","2122483","9/9/2026 8:05:08 PM"
"C:\Users\valde\OneDrive\Documents\52-at-52\media\run43_028.jpg","6654550","9/9/2026 8:05:08 PM"
"C:\Users\valde\OneDrive\Documents\52-at-52\media\run43_029.jpg","3212828","9/9/2026 8:05:08 PM"
"C:\Users\valde\OneDrive\Documents\52-at-52\media\run43_030.png","1435810","9/9/2026 8:05:08 PM"
"C:\Users\valde\OneDrive\Documents\52-at-52\media\run43_031.png","1624815","9/20/2026 3:59:28 PM"
"C:\Users\valde\OneDrive\Documents\52-at-52\media\run43_photo1.jpg","1407990","9/9/2026 8:05:08 PM"
"C:\Users\valde\OneDrive\Documents\52-at-52\media\run43_photo10.jpg","493396","9/9/2026 8:05:08 PM"
"C:\Users\valde\OneDrive\Documents\52-at-52\media\run43_photo11.jpg","943747","9/9/2026 8:05:08 PM"
"C:\Users\valde\OneDrive\Documents\52-at-52\media\run43_photo12.jpg","2144313","9/9/2026 8:05:08 PM"
"C:\Users\valde\OneDrive\Documents\52-at-52\media\run43_photo13.png","1165626","9/9/2026 8:05:08 PM"
"C:\Users\valde\OneDrive\Documents\52-at-52\media\run43_photo14.jpg","7298740","9/9/2026 8:05:08 PM"
"C:\Users\valde\OneDrive\Documents\52-at-52\media\run43_photo15.jpg","1828645","9/9/2026 8:05:08 PM"
"C:\Users\valde\OneDrive\Documents\52-at-52\media\run43_photo16.jpg","3146528","9/9/2026 8:05:08 PM"
"C:\Users\valde\OneDrive\Documents\52-at-52\media\run43_photo17.jpg","2700471","9/9/2026 8:05:08 PM"
"C:\Users\valde\OneDrive\Documents\52-at-52\media\run43_photo18.jpg","2077765","9/9/2026 8:05:08 PM"
"C:\Users\valde\OneDrive\Documents\52-at-52\media\run43_photo19.jpg","2175455","9/9/2026 8:05:08 PM"
"C:\Users\valde\OneDrive\Documents\52-at-52\media\run43_photo2.jpg","687065","9/9/2026 8:05:08 PM"
"C:\Users\valde\OneDrive\Documents\52-at-52\media\run43_photo20.jpg","9854226","9/9/2026 8:05:09 PM"
"C:\Users\valde\OneDrive\Documents\52-at-52\media\run43_photo21.jpg","8352876","9/9/2026 8:05:09 PM"
"C:\Users\valde\OneDrive\Documents\52-at-52\media\run43_photo22.jpg","8603457","9/9/2026 8:05:09 PM"
"C:\Users\valde\OneDrive\Documents\52-at-52\media\run43_photo23.jpg","5857928","9/9/2026 8:05:08 PM"
"C:\Users\valde\OneDrive\Documents\52-at-52\media\run43_photo24.jpg","5673879","9/9/2026 8:05:08 PM"
"C:\Users\valde\OneDrive\Documents\52-at-52\media\run43_photo25.jpg","5769562","9/9/2026 8:05:08 PM"
"C:\Users\valde\OneDrive\Documents\52-at-52\media\run43_photo26.jpg","2244664","9/9/2026 8:05:08 PM"
"C:\Users\valde\OneDrive\Documents\52-at-52\media\run43_photo27.jpg","2122483","9/9/2026 8:05:08 PM"
"C:\Users\valde\OneDrive\Documents\52-at-52\media\run43_photo28.jpg","6654550","9/9/2026 8:05:09 PM"
"C:\Users\valde\OneDrive\Documents\52-at-52\media\run43_photo29.jpg","3212828","9/9/2026 8:05:08 PM"
"C:\Users\valde\OneDrive\Documents\52-at-52\media\run43_photo3.jpg","891337","9/9/2026 8:05:08 PM"
"C:\Users\valde\OneDrive\Documents\52-at-52\media\run43_photo30.png","1435810","9/9/2026 8:05:08 PM"
"C:\Users\valde\OneDrive\Documents\52-at-52\media\run43_photo4.jpg","1688968","9/9/2026 8:05:08 PM"
"C:\Users\valde\OneDrive\Documents\52-at-52\media\run43_photo5.jpg","668027","9/9/2026 8:05:08 PM"
"C:\Users\valde\OneDrive\Documents\52-at-52\media\run43_photo6.jpg","818245","9/9/2026 8:05:09 PM"
"C:\Users\valde\OneDrive\Documents\52-at-52\media\run43_photo7.jpg","1332848","9/9/2026 8:05:09 PM"
"C:\Users\valde\OneDrive\Documents\52-at-52\media\run43_photo8.jpg","452103","9/9/2026 8:05:09 PM"
"C:\Users\valde\OneDrive\Documents\52-at-52\media\run43_photo9.jpg","1343674","9/9/2026 8:05:09 PM"
"C:\Users\valde\OneDrive\Documents\52-at-52\media\run44_001.mp4","62147115","9/15/2026 10:49:41 PM"
"C:\Users\valde\OneDrive\Documents\52-at-52\media\run44_002.mp4","26394848","9/15/2026 10:49:48 PM"
"C:\Users\valde\OneDrive\Documents\52-at-52\media\run44_003.webp","247736","9/20/2026 3:28:08 PM"
"C:\Users\valde\OneDrive\Documents\52-at-52\media\run44_004.png","582057","9/20/2026 3:28:08 PM"
"C:\Users\valde\OneDrive\Documents\52-at-52\media\run44_005.webp","288502","9/20/2026 3:28:08 PM"
"C:\Users\valde\OneDrive\Documents\52-at-52\media\run44_006.webp","502442","9/20/2026 3:28:09 PM"
"C:\Users\valde\OneDrive\Documents\52-at-52\media\run44_007.webp","324994","9/20/2026 3:28:09 PM"
"C:\Users\valde\OneDrive\Documents\52-at-52\media\run44_008.webp","419244","9/20/2026 3:28:10 PM"
"C:\Users\valde\OneDrive\Documents\52-at-52\media\run44_009.webp","336216","9/20/2026 3:28:10 PM"
"C:\Users\valde\OneDrive\Documents\52-at-52\media\run44_010.webp","373124","9/20/2026 3:28:11 PM"
"C:\Users\valde\OneDrive\Documents\52-at-52\media\run44_011.webp","486718","9/20/2026 3:28:11 PM"
"C:\Users\valde\OneDrive\Documents\52-at-52\media\run44_012.webp","493976","9/20/2026 3:28:12 PM"
"C:\Users\valde\OneDrive\Documents\52-at-52\media\run44_013.webp","639782","9/20/2026 3:28:12 PM"
"C:\Users\valde\OneDrive\Documents\52-at-52\media\run45_001.webp","315848","9/20/2026 3:28:21 PM"
"C:\Users\valde\OneDrive\Documents\52-at-52\media\run45_002.mp4","36205338","9/15/2026 10:47:18 PM"
"C:\Users\valde\OneDrive\Documents\52-at-52\media\run45_003.png","610398","9/20/2026 3:28:22 PM"
"C:\Users\valde\OneDrive\Documents\52-at-52\media\run45_004.webp","269356","9/20/2026 3:28:22 PM"
"C:\Users\valde\OneDrive\Documents\52-at-52\media\run45_005.webp","617844","9/20/2026 3:28:23 PM"
"C:\Users\valde\OneDrive\Documents\52-at-52\media\run45_006.webp","712256","9/20/2026 3:28:24 PM"
"C:\Users\valde\OneDrive\Documents\52-at-52\media\run45_007.webp","558324","9/20/2026 3:28:25 PM"
"C:\Users\valde\OneDrive\Documents\52-at-52\media\run45_008.webp","937654","9/20/2026 3:28:26 PM"
"C:\Users\valde\OneDrive\Documents\52-at-52\media\run45_009.webp","616806","9/20/2026 3:28:27 PM"
"C:\Users\valde\OneDrive\Documents\52-at-52\media\run45_010.webp","986784","9/20/2026 3:28:28 PM"
"C:\Users\valde\OneDrive\Documents\52-at-52\media\run45_011.webp","867656","9/20/2026 3:28:29 PM"
"C:\Users\valde\OneDrive\Documents\52-at-52\media\run45_012.webp","658554","9/20/2026 3:28:30 PM"
"C:\Users\valde\OneDrive\Documents\52-at-52\media\run45_013.webp","755300","9/20/2026 3:28:30 PM"
"C:\Users\valde\OneDrive\Documents\52-at-52\media\run45_014.webp","896238","9/20/2026 3:28:31 PM"
"C:\Users\valde\OneDrive\Documents\52-at-52\media\run45_015.webp","496428","9/20/2026 3:28:32 PM"
"C:\Users\valde\OneDrive\Documents\52-at-52\media\run46_001.webp","187146","9/20/2026 2:57:28 PM"
"C:\Users\valde\OneDrive\Documents\52-at-52\media\run46_002.mp4","206292484","9/20/2026 1:54:35 PM"
"C:\Users\valde\OneDrive\Documents\52-at-52\media\run46_003.png","1562973","9/20/2026 2:57:28 PM"
"C:\Users\valde\OneDrive\Documents\52-at-52\media\run46_004.png","352382","9/20/2026 2:57:28 PM"
"C:\Users\valde\OneDrive\Documents\52-at-52\media\run46_005.webp","489392","9/20/2026 2:57:29 PM"
"C:\Users\valde\OneDrive\Documents\52-at-52\media\run46_006.webp","504480","9/20/2026 2:57:30 PM"
"C:\Users\valde\OneDrive\Documents\52-at-52\media\run46_007.webp","352760","9/20/2026 2:57:31 PM"
"C:\Users\valde\OneDrive\Documents\52-at-52\media\run46_008.webp","315028","9/20/2026 2:57:32 PM"
"C:\Users\valde\OneDrive\Documents\52-at-52\media\run46_009.webp","583904","9/20/2026 2:57:33 PM"
"C:\Users\valde\OneDrive\Documents\52-at-52\media\run46_010.webp","803680","9/20/2026 2:57:34 PM"
"C:\Users\valde\OneDrive\Documents\52-at-52\media\run46_011.webp","1080784","9/20/2026 2:57:35 PM"
"C:\Users\valde\OneDrive\Documents\52-at-52\media\run46_012.webp","464690","9/20/2026 2:57:36 PM"
"C:\Users\valde\OneDrive\Documents\52-at-52\media\run46_013.webp","424184","9/20/2026 2:57:37 PM"
"C:\Users\valde\OneDrive\Documents\52-at-52\media\run46_014.webp","594766","9/20/2026 2:57:39 PM"
"C:\Users\valde\OneDrive\Documents\52-at-52\media\run46_015.webp","375178","9/20/2026 2:57:39 PM"
"C:\Users\valde\OneDrive\Documents\52-at-52\media\run46_016.webp","886572","9/20/2026 2:57:41 PM"
"C:\Users\valde\OneDrive\Documents\52-at-52\media\run46_017.webp","514526","9/20/2026 2:57:42 PM"
"C:\Users\valde\OneDrive\Documents\52-at-52\media\run46_018.webp","457688","9/20/2026 2:57:43 PM"
"C:\Users\valde\OneDrive\Documents\52-at-52\media\run46_019.webp","1076594","9/20/2026 2:57:44 PM"
"C:\Users\valde\OneDrive\Documents\52-at-52\media\run46_020.webp","571642","9/20/2026 2:57:45 PM"
"C:\Users\valde\OneDrive\Documents\52-at-52\media\run46_021.webp","842946","9/20/2026 2:57:47 PM"
"C:\Users\valde\OneDrive\Documents\52-at-52\media\run46_022.webp","282096","9/20/2026 2:57:48 PM"
"C:\Users\valde\OneDrive\Documents\52-at-52\media\run46_023.webp","859172","9/20/2026 2:57:49 PM"
"C:\Users\valde\OneDrive\Documents\52-at-52\media\screenshot-2026-04-26-185149-1.png","654048","9/9/2026 8:05:09 PM"
"C:\Users\valde\OneDrive\Documents\52-at-52\media\screenshot-2026-04-26-185149.png","654048","9/9/2026 8:05:09 PM"
"C:\Users\valde\OneDrive\Documents\52-at-52\media\screenshot-2026-06-27-150220.png","291096","9/9/2026 8:05:09 PM"
"C:\Users\valde\OneDrive\Documents\52-at-52\media\screenshot-2026-06-27-151100-1.png","472938","9/9/2026 8:05:09 PM"
"C:\Users\valde\OneDrive\Documents\52-at-52\media\screenshot-2026-06-27-151100.png","472938","9/9/2026 8:05:09 PM"
"C:\Users\valde\OneDrive\Documents\52-at-52\media\screenshot-2026-06-27-152435.png","330548","9/9/2026 8:05:09 PM"
"C:\Users\valde\OneDrive\Documents\52-at-52\media\screenshot-2026-06-27-153842.png","540391","9/9/2026 8:05:09 PM"
"C:\Users\valde\OneDrive\Documents\52-at-52\media\screenshot-2026-07-18-220055.png","481532","9/9/2026 8:05:09 PM"
"C:\Users\valde\OneDrive\Documents\52-at-52\media\screenshot-2026-08-15-175529.png","567671","9/9/2026 8:05:09 PM"
"C:\Users\valde\OneDrive\Documents\52-at-52\media\screenshot_20260801-231334821848727241806352.png","1356494","9/9/2026 8:05:09 PM"
"C:\Users\valde\OneDrive\Documents\52-at-52\media\selfie-1.jpg","5002742","9/9/2026 8:05:09 PM"
"C:\Users\valde\OneDrive\Documents\52-at-52\media\selfie.jpg","5002742","9/9/2026 8:05:09 PM"
"C:\Users\valde\OneDrive\Documents\52-at-52\media\site-logo-1.png","347419","9/9/2026 8:05:09 PM"
"C:\Users\valde\OneDrive\Documents\52-at-52\media\site-logo.png","371929","9/9/2026 8:05:09 PM"
"C:\Users\valde\OneDrive\Documents\52-at-52\media\splits.png","47908","9/9/2026 8:05:09 PM"
"C:\Users\valde\OneDrive\Documents\52-at-52\media\strava-charts.jpeg","44463","9/9/2026 8:05:09 PM"
"C:\Users\valde\OneDrive\Documents\52-at-52\media\strava-jan-11-run.png","507877","9/9/2026 8:05:09 PM"
"C:\Users\valde\OneDrive\Documents\52-at-52\media\strava-map.png","579925","9/9/2026 8:05:09 PM"
"C:\Users\valde\OneDrive\Documents\52-at-52\media\the-year-of-the-halves-69f776a579423.png","1353507","9/9/2026 8:05:09 PM"
"C:\Users\valde\OneDrive\Documents\52-at-52\media\track-over-the-ocean.jpg","331792","9/9/2026 8:05:09 PM"
"C:\Users\valde\OneDrive\Documents\52-at-52\media\track.png","607482","9/9/2026 8:05:09 PM"
"C:\Users\valde\OneDrive\Documents\52-at-52\media\tsytg0rx5agd0219ia3u6e-afott6zoi94dk8dinn4-2048x1536-1.jpg","355428","9/9/2026 8:05:09 PM"
"C:\Users\valde\OneDrive\Documents\52-at-52\media\valder-e-paula-1.jpeg","117345","9/9/2026 8:05:09 PM"
"C:\Users\valde\OneDrive\Documents\52-at-52\media\valder-e-paula.jpeg","117345","9/9/2026 8:05:09 PM"
"C:\Users\valde\OneDrive\Documents\52-at-52\media\vide263432-1.jpg","367686","9/9/2026 8:05:09 PM"
"C:\Users\valde\OneDrive\Documents\52-at-52\media\vide263432.jpg","367686","9/9/2026 8:05:09 PM"
"C:\Users\valde\OneDrive\Documents\52-at-52\media\whatsapp-image-2025-12-27-at-8.53.47-pm-1.jpeg","341512","9/9/2026 8:05:09 PM"
"C:\Users\valde\OneDrive\Documents\52-at-52\media\whatsapp-image-2025-12-27-at-8.53.47-pm.jpeg","341512","9/9/2026 8:05:09 PM"
"C:\Users\valde\OneDrive\Documents\52-at-52\media\whatsapp-image-2025-12-27-at-8.53.471-pm-1.jpeg","463846","9/9/2026 8:05:09 PM"
"C:\Users\valde\OneDrive\Documents\52-at-52\media\whatsapp-image-2025-12-27-at-8.53.471-pm.jpeg","463846","9/9/2026 8:05:09 PM"
"C:\Users\valde\OneDrive\Documents\52-at-52\media\whatsapp-image-2025-12-27-at-8.53.49last-pm-1.jpeg","353934","9/9/2026 8:05:09 PM"
"C:\Users\valde\OneDrive\Documents\52-at-52\media\whatsapp-image-2025-12-27-at-8.53.49last-pm.jpeg","353934","9/9/2026 8:05:09 PM"
"C:\Users\valde\OneDrive\Documents\52-at-52\media\removed\Run-37\run37_01.png","499578","9/9/2026 8:05:06 PM"
"C:\Users\valde\OneDrive\Documents\52-at-52\media\removed\Run-40\run40_01.png","580473","9/9/2026 8:05:06 PM"
"C:\Users\valde\OneDrive\Documents\52-at-52\posts\run-01-en.html","4891","9/9/2026 9:39:30 PM"
"C:\Users\valde\OneDrive\Documents\52-at-52\posts\run-01-pt.html","4808","9/9/2026 9:39:30 PM"
"C:\Users\valde\OneDrive\Documents\52-at-52\posts\run-01.html","10189","9/9/2026 8:04:56 PM"
"C:\Users\valde\OneDrive\Documents\52-at-52\posts\run-02-en.html","4000","9/9/2026 9:39:30 PM"
"C:\Users\valde\OneDrive\Documents\52-at-52\posts\run-02-pt.html","4000","9/9/2026 9:39:30 PM"
"C:\Users\valde\OneDrive\Documents\52-at-52\posts\run-02.html","8502","9/9/2026 8:04:56 PM"
"C:\Users\valde\OneDrive\Documents\52-at-52\posts\run-03-en.html","34","9/9/2026 9:39:30 PM"
"C:\Users\valde\OneDrive\Documents\52-at-52\posts\run-03-pt.html","32","9/9/2026 9:39:30 PM"
"C:\Users\valde\OneDrive\Documents\52-at-52\posts\run-03.html","218","9/9/2026 8:04:56 PM"
"C:\Users\valde\OneDrive\Documents\52-at-52\posts\run-04-en.html","5472","9/9/2026 9:39:30 PM"
"C:\Users\valde\OneDrive\Documents\52-at-52\posts\run-04-pt.html","5445","9/9/2026 9:39:30 PM"
"C:\Users\valde\OneDrive\Documents\52-at-52\posts\run-04.html","11319","9/9/2026 8:04:56 PM"
"C:\Users\valde\OneDrive\Documents\52-at-52\posts\run-05-en.html","4456","9/9/2026 9:39:30 PM"
"C:\Users\valde\OneDrive\Documents\52-at-52\posts\run-05-pt.html","4929","9/9/2026 9:39:30 PM"
"C:\Users\valde\OneDrive\Documents\52-at-52\posts\run-05.html","9797","9/9/2026 8:04:56 PM"
"C:\Users\valde\OneDrive\Documents\52-at-52\posts\run-06-en.html","4651","9/9/2026 9:39:30 PM"
"C:\Users\valde\OneDrive\Documents\52-at-52\posts\run-06-pt.html","5217","9/9/2026 9:39:30 PM"
"C:\Users\valde\OneDrive\Documents\52-at-52\posts\run-06.html","10474","9/9/2026 8:04:56 PM"
"C:\Users\valde\OneDrive\Documents\52-at-52\posts\run-07-en.html","6760","9/9/2026 9:39:31 PM"
"C:\Users\valde\OneDrive\Documents\52-at-52\posts\run-07-pt.html","7189","9/9/2026 9:39:31 PM"
"C:\Users\valde\OneDrive\Documents\52-at-52\posts\run-07.html","14555","9/9/2026 8:04:56 PM"
"C:\Users\valde\OneDrive\Documents\52-at-52\posts\run-08-en.html","7030","9/9/2026 9:39:31 PM"
"C:\Users\valde\OneDrive\Documents\52-at-52\posts\run-08-pt.html","7306","9/9/2026 9:39:31 PM"
"C:\Users\valde\OneDrive\Documents\52-at-52\posts\run-08.html","15172","9/9/2026 8:04:56 PM"
"C:\Users\valde\OneDrive\Documents\52-at-52\posts\run-09-en.html","7898","9/9/2026 9:39:31 PM"
"C:\Users\valde\OneDrive\Documents\52-at-52\posts\run-09-pt.html","9296","9/9/2026 9:39:31 PM"
"C:\Users\valde\OneDrive\Documents\52-at-52\posts\run-09.html","17764","9/9/2026 8:04:56 PM"
"C:\Users\valde\OneDrive\Documents\52-at-52\posts\run-10-en.html","4641","9/9/2026 9:39:31 PM"
"C:\Users\valde\OneDrive\Documents\52-at-52\posts\run-10-pt.html","4812","9/9/2026 9:39:31 PM"
"C:\Users\valde\OneDrive\Documents\52-at-52\posts\run-10.html","10211","9/9/2026 8:04:56 PM"
"C:\Users\valde\OneDrive\Documents\52-at-52\posts\run-11-en.html","5844","9/9/2026 9:39:31 PM"
"C:\Users\valde\OneDrive\Documents\52-at-52\posts\run-11-pt.html","6533","9/9/2026 9:39:31 PM"
"C:\Users\valde\OneDrive\Documents\52-at-52\posts\run-11.html","13251","9/9/2026 8:04:57 PM"
"C:\Users\valde\OneDrive\Documents\52-at-52\posts\run-12-en.html","4729","9/9/2026 9:39:31 PM"
"C:\Users\valde\OneDrive\Documents\52-at-52\posts\run-12-pt.html","4845","9/9/2026 9:39:31 PM"
"C:\Users\valde\OneDrive\Documents\52-at-52\posts\run-12.html","9950","9/9/2026 8:04:57 PM"
"C:\Users\valde\OneDrive\Documents\52-at-52\posts\run-13-en.html","5411","9/9/2026 9:39:31 PM"
"C:\Users\valde\OneDrive\Documents\52-at-52\posts\run-13-pt.html","5738","9/9/2026 9:39:31 PM"
"C:\Users\valde\OneDrive\Documents\52-at-52\posts\run-13.html","11596","9/9/2026 8:04:57 PM"
"C:\Users\valde\OneDrive\Documents\52-at-52\posts\run-14-en.html","9004","9/9/2026 9:39:31 PM"
"C:\Users\valde\OneDrive\Documents\52-at-52\posts\run-14-pt.html","9681","9/9/2026 9:39:31 PM"
"C:\Users\valde\OneDrive\Documents\52-at-52\posts\run-14.html","19201","9/9/2026 8:04:57 PM"
"C:\Users\valde\OneDrive\Documents\52-at-52\posts\run-15-en.html","4045","9/9/2026 9:39:31 PM"
"C:\Users\valde\OneDrive\Documents\52-at-52\posts\run-15-pt.html","3758","9/9/2026 9:39:31 PM"
"C:\Users\valde\OneDrive\Documents\52-at-52\posts\run-15.html","8184","9/9/2026 8:04:57 PM"
"C:\Users\valde\OneDrive\Documents\52-at-52\posts\run-16-en.html","4900","9/9/2026 9:39:31 PM"
"C:\Users\valde\OneDrive\Documents\52-at-52\posts\run-16-pt.html","5114","9/9/2026 9:39:31 PM"
"C:\Users\valde\OneDrive\Documents\52-at-52\posts\run-16.html","10422","9/9/2026 8:04:57 PM"
"C:\Users\valde\OneDrive\Documents\52-at-52\posts\run-17-en.html","3589","9/9/2026 9:39:31 PM"
"C:\Users\valde\OneDrive\Documents\52-at-52\posts\run-17-pt.html","3790","9/9/2026 9:39:31 PM"
"C:\Users\valde\OneDrive\Documents\52-at-52\posts\run-17.html","7853","9/9/2026 8:04:57 PM"
"C:\Users\valde\OneDrive\Documents\52-at-52\posts\run-18-en.html","7822","9/9/2026 9:39:31 PM"
"C:\Users\valde\OneDrive\Documents\52-at-52\posts\run-18-pt.html","7981","9/9/2026 9:39:31 PM"
"C:\Users\valde\OneDrive\Documents\52-at-52\posts\run-18.html","16197","9/9/2026 8:04:57 PM"
"C:\Users\valde\OneDrive\Documents\52-at-52\posts\run-19-en.html","8967","9/9/2026 9:39:31 PM"
"C:\Users\valde\OneDrive\Documents\52-at-52\posts\run-19-pt.html","8967","9/9/2026 9:39:31 PM"
"C:\Users\valde\OneDrive\Documents\52-at-52\posts\run-19.html","18426","9/9/2026 8:04:57 PM"
"C:\Users\valde\OneDrive\Documents\52-at-52\posts\run-20-en.html","3580","9/9/2026 9:39:31 PM"
"C:\Users\valde\OneDrive\Documents\52-at-52\posts\run-20-pt.html","3818","9/9/2026 9:39:31 PM"
"C:\Users\valde\OneDrive\Documents\52-at-52\posts\run-20.html","7744","9/9/2026 8:04:57 PM"
"C:\Users\valde\OneDrive\Documents\52-at-52\posts\run-21-en.html","2497","9/9/2026 9:39:31 PM"
"C:\Users\valde\OneDrive\Documents\52-at-52\posts\run-21-pt.html","2557","9/9/2026 9:39:31 PM"
"C:\Users\valde\OneDrive\Documents\52-at-52\posts\run-21.html","5404","9/9/2026 8:04:57 PM"
"C:\Users\valde\OneDrive\Documents\52-at-52\posts\run-22-en.html","2572","9/9/2026 9:39:31 PM"
"C:\Users\valde\OneDrive\Documents\52-at-52\posts\run-22-pt.html","2690","9/9/2026 9:39:31 PM"
"C:\Users\valde\OneDrive\Documents\52-at-52\posts\run-22.html","5642","9/9/2026 8:04:57 PM"
"C:\Users\valde\OneDrive\Documents\52-at-52\posts\run-23-en.html","2390","9/9/2026 9:39:31 PM"
"C:\Users\valde\OneDrive\Documents\52-at-52\posts\run-23-pt.html","2525","9/9/2026 9:39:31 PM"
"C:\Users\valde\OneDrive\Documents\52-at-52\posts\run-23.html","5253","9/9/2026 8:04:57 PM"
"C:\Users\valde\OneDrive\Documents\52-at-52\posts\run-24-en.html","3731","9/9/2026 9:39:31 PM"
"C:\Users\valde\OneDrive\Documents\52-at-52\posts\run-24-pt.html","3860","9/9/2026 9:39:31 PM"
"C:\Users\valde\OneDrive\Documents\52-at-52\posts\run-24.html","7999","9/9/2026 8:04:57 PM"
"C:\Users\valde\OneDrive\Documents\52-at-52\posts\run-25-en.html","2462","9/9/2026 9:39:31 PM"
"C:\Users\valde\OneDrive\Documents\52-at-52\posts\run-25-pt.html","2808","9/9/2026 9:39:31 PM"
"C:\Users\valde\OneDrive\Documents\52-at-52\posts\run-25.html","5652","9/9/2026 8:04:57 PM"
"C:\Users\valde\OneDrive\Documents\52-at-52\posts\run-26-en.html","5393","9/9/2026 9:39:31 PM"
"C:\Users\valde\OneDrive\Documents\52-at-52\posts\run-26-pt.html","5272","9/9/2026 9:39:31 PM"
"C:\Users\valde\OneDrive\Documents\52-at-52\posts\run-26.html","11130","9/9/2026 8:04:57 PM"
"C:\Users\valde\OneDrive\Documents\52-at-52\posts\run-27-en.html","3009","9/9/2026 9:39:31 PM"
"C:\Users\valde\OneDrive\Documents\52-at-52\posts\run-27-pt.html","3104","9/9/2026 9:39:31 PM"
"C:\Users\valde\OneDrive\Documents\52-at-52\posts\run-27.html","6479","9/9/2026 8:04:57 PM"
"C:\Users\valde\OneDrive\Documents\52-at-52\posts\run-28-en.html","8240","9/9/2026 9:39:31 PM"
"C:\Users\valde\OneDrive\Documents\52-at-52\posts\run-28-pt.html","8594","9/9/2026 9:39:31 PM"
"C:\Users\valde\OneDrive\Documents\52-at-52\posts\run-28.html","17458","9/9/2026 8:04:57 PM"
"C:\Users\valde\OneDrive\Documents\52-at-52\posts\run-29-en.html","7021","9/9/2026 9:39:31 PM"
"C:\Users\valde\OneDrive\Documents\52-at-52\posts\run-29-pt.html","7750","9/9/2026 9:39:31 PM"
"C:\Users\valde\OneDrive\Documents\52-at-52\posts\run-29.html","15279","9/9/2026 8:04:57 PM"
"C:\Users\valde\OneDrive\Documents\52-at-52\posts\run-30-en.html","1684","9/9/2026 9:39:31 PM"
"C:\Users\valde\OneDrive\Documents\52-at-52\posts\run-30-pt.html","1835","9/9/2026 9:39:31 PM"
"C:\Users\valde\OneDrive\Documents\52-at-52\posts\run-30.html","3807","9/9/2026 8:04:57 PM"
"C:\Users\valde\OneDrive\Documents\52-at-52\posts\run-31-en.html","3328","9/9/2026 9:39:31 PM"
"C:\Users\valde\OneDrive\Documents\52-at-52\posts\run-31-pt.html","3530","9/9/2026 9:39:31 PM"
"C:\Users\valde\OneDrive\Documents\52-at-52\posts\run-31.html","7172","9/9/2026 8:04:57 PM"
"C:\Users\valde\OneDrive\Documents\52-at-52\posts\run-32-en.html","3503","9/9/2026 9:39:31 PM"
"C:\Users\valde\OneDrive\Documents\52-at-52\posts\run-32-pt.html","3857","9/9/2026 9:39:31 PM"
"C:\Users\valde\OneDrive\Documents\52-at-52\posts\run-32.html","7690","9/9/2026 8:04:57 PM"
"C:\Users\valde\OneDrive\Documents\52-at-52\posts\run-33-en.html","4584","9/9/2026 9:39:31 PM"
"C:\Users\valde\OneDrive\Documents\52-at-52\posts\run-33-pt.html","4293","9/9/2026 9:39:31 PM"
"C:\Users\valde\OneDrive\Documents\52-at-52\posts\run-33.html","9205","9/9/2026 8:04:57 PM"
"C:\Users\valde\OneDrive\Documents\52-at-52\posts\run-34-en.html","2300","9/9/2026 9:39:31 PM"
"C:\Users\valde\OneDrive\Documents\52-at-52\posts\run-34-pt.html","2498","9/9/2026 9:39:31 PM"
"C:\Users\valde\OneDrive\Documents\52-at-52\posts\run-34.html","5172","9/9/2026 8:04:57 PM"
"C:\Users\valde\OneDrive\Documents\52-at-52\posts\run-35-en.html","2416","9/9/2026 9:39:31 PM"
"C:\Users\valde\OneDrive\Documents\52-at-52\posts\run-35-pt.html","2500","9/9/2026 9:39:31 PM"
"C:\Users\valde\OneDrive\Documents\52-at-52\posts\run-35.html","5230","9/9/2026 8:04:57 PM"
"C:\Users\valde\OneDrive\Documents\52-at-52\posts\run-36-en.html","2937","9/9/2026 9:39:31 PM"
"C:\Users\valde\OneDrive\Documents\52-at-52\posts\run-36-pt.html","3105","9/9/2026 9:39:31 PM"
"C:\Users\valde\OneDrive\Documents\52-at-52\posts\run-36.html","6368","9/9/2026 8:04:58 PM"
"C:\Users\valde\OneDrive\Documents\52-at-52\posts\run-37-en.html","4125","9/9/2026 9:39:31 PM"
"C:\Users\valde\OneDrive\Documents\52-at-52\posts\run-37-pt.html","4290","9/9/2026 9:39:31 PM"
"C:\Users\valde\OneDrive\Documents\52-at-52\posts\run-37.html","8777","9/9/2026 8:04:58 PM"
"C:\Users\valde\OneDrive\Documents\52-at-52\posts\run-38-en.html","2777","9/9/2026 9:39:31 PM"
"C:\Users\valde\OneDrive\Documents\52-at-52\posts\run-38-pt.html","3078","9/9/2026 9:39:31 PM"
"C:\Users\valde\OneDrive\Documents\52-at-52\posts\run-38.html","6169","9/9/2026 8:04:58 PM"
"C:\Users\valde\OneDrive\Documents\52-at-52\posts\run-39-en.html","1859","9/9/2026 9:39:31 PM"
"C:\Users\valde\OneDrive\Documents\52-at-52\posts\run-39-pt.html","1859","9/9/2026 9:39:31 PM"
"C:\Users\valde\OneDrive\Documents\52-at-52\posts\run-39.html","4006","9/9/2026 8:04:58 PM"
"C:\Users\valde\OneDrive\Documents\52-at-52\posts\run-40-en.html","2951","9/9/2026 9:39:31 PM"
"C:\Users\valde\OneDrive\Documents\52-at-52\posts\run-40-pt.html","3428","9/9/2026 9:39:31 PM"
"C:\Users\valde\OneDrive\Documents\52-at-52\posts\run-40.html","6747","9/9/2026 8:04:58 PM"
"C:\Users\valde\OneDrive\Documents\52-at-52\posts\run-41-en.html","3970","9/9/2026 9:39:31 PM"
"C:\Users\valde\OneDrive\Documents\52-at-52\posts\run-41-pt.html","4436","9/9/2026 9:39:31 PM"
"C:\Users\valde\OneDrive\Documents\52-at-52\posts\run-41.html","8820","9/9/2026 8:04:58 PM"
"C:\Users\valde\OneDrive\Documents\52-at-52\posts\run-42-en.html","2878","9/20/2026 3:27:13 PM"
"C:\Users\valde\OneDrive\Documents\52-at-52\posts\run-42-pt.html","3220","9/20/2026 3:27:13 PM"
"C:\Users\valde\OneDrive\Documents\52-at-52\posts\run-42.html","503","9/16/2026 12:42:56 AM"
"C:\Users\valde\OneDrive\Documents\52-at-52\posts\run-43-en.html","5530","9/9/2026 9:45:31 PM"
"C:\Users\valde\OneDrive\Documents\52-at-52\posts\run-43-pt.html","5947","9/9/2026 9:45:41 PM"
"C:\Users\valde\OneDrive\Documents\52-at-52\posts\run-43.html","1764","9/9/2026 9:21:02 PM"
"C:\Users\valde\OneDrive\Documents\52-at-52\posts\run-44-en.html","2225","9/20/2026 3:28:07 PM"
"C:\Users\valde\OneDrive\Documents\52-at-52\posts\run-44-pt.html","2494","9/20/2026 3:28:07 PM"
"C:\Users\valde\OneDrive\Documents\52-at-52\posts\run-44.html","503","9/16/2026 12:42:57 AM"
"C:\Users\valde\OneDrive\Documents\52-at-52\posts\run-45-en.html","3236","9/20/2026 3:28:21 PM"
"C:\Users\valde\OneDrive\Documents\52-at-52\posts\run-45-pt.html","3634","9/20/2026 3:28:21 PM"
"C:\Users\valde\OneDrive\Documents\52-at-52\posts\run-45.html","503","9/16/2026 12:46:29 AM"
"C:\Users\valde\OneDrive\Documents\52-at-52\posts\run-46-en.html","3180","9/20/2026 2:57:27 PM"
"C:\Users\valde\OneDrive\Documents\52-at-52\posts\run-46-pt.html","3419","9/20/2026 2:57:27 PM"
"C:\Users\valde\OneDrive\Documents\52-at-52\posts\template.html","7090","9/9/2026 8:04:58 PM"
"C:\Users\valde\OneDrive\Documents\52-at-52\scripts\add_run43_to_existing_data.py","3550","9/9/2026 9:31:26 PM"
"C:\Users\valde\OneDrive\Documents\52-at-52\scripts\add_run_media.py","9093","9/20/2026 3:58:17 PM"
"C:\Users\valde\OneDrive\Documents\52-at-52\scripts\fix_run_journal_tabs.py","3220","9/9/2026 9:28:20 PM"
"C:\Users\valde\OneDrive\Documents\52-at-52\scripts\migrate_posts_to_json.py","9014","9/9/2026 9:38:05 PM"
"C:\Users\valde\OneDrive\Documents\52-at-52\scripts\publish_run-OLD1.py","17129","9/16/2026 12:10:23 AM"
"C:\Users\valde\OneDrive\Documents\52-at-52\scripts\publish_run.py","18158","9/20/2026 3:46:30 PM"
"C:\Users\valde\OneDrive\Documents\52-at-52\scripts\publish_run_BACKUP.py","18158","9/20/2026 3:24:48 PM"
"C:\Users\valde\OneDrive\Documents\52-at-52\scripts\publish_run_flat_folder.py","14453","9/20/2026 2:38:46 PM"
"C:\Users\valde\OneDrive\Documents\52-at-52\scripts\publish_run_OLD2.py","18742","9/16/2026 12:42:02 AM"
"C:\Users\valde\OneDrive\Documents\52-at-52\scripts\remove_run_media.py","6316","9/20/2026 4:01:29 PM"
"C:\Users\valde\OneDrive\Documents\52-at-52\scripts\requirements.txt","13","9/9/2026 9:20:42 PM"
"C:\Users\valde\OneDrive\Documents\52-at-52\scripts\update_index_remove_last_run.py","3323","9/9/2026 9:19:45 PM"
"C:\Users\valde\OneDrive\Documents\52-at-52\summaries\hello-world-en.html","3184","9/9/2026 8:04:56 PM"
"C:\Users\valde\OneDrive\Documents\52-at-52\summaries\hello-world-pt.html","2831","9/9/2026 8:04:56 PM"
"C:\Users\valde\OneDrive\Documents\52-at-52\summaries\hello-world.html","5771","9/9/2026 8:04:56 PM"
"C:\Users\valde\OneDrive\Documents\52-at-52\summaries\summary-1st-half-en.html","8156","9/9/2026 8:04:56 PM"
"C:\Users\valde\OneDrive\Documents\52-at-52\summaries\summary-1st-half-pt.html","8766","9/9/2026 8:04:56 PM"
"C:\Users\valde\OneDrive\Documents\52-at-52\summaries\summary-1st-half.html","15714","9/9/2026 8:04:56 PM"
"C:\Users\valde\OneDrive\Documents\52-at-52\summaries\summary-1st-quarter-en.html","4618","9/9/2026 8:04:56 PM"
"C:\Users\valde\OneDrive\Documents\52-at-52\summaries\summary-1st-quarter-pt.html","5389","9/9/2026 8:04:56 PM"
"C:\Users\valde\OneDrive\Documents\52-at-52\summaries\summary-1st-quarter.html","9090","9/9/2026 8:04:56 PM"
"C:\Users\valde\OneDrive\Documents\52-at-52\tips\fuel-nutrition.html","3136","9/9/2026 8:04:56 PM"
"C:\Users\valde\OneDrive\Documents\52-at-52\tips\runners-coffee-en.html","6740","9/9/2026 8:04:56 PM"
"C:\Users\valde\OneDrive\Documents\52-at-52\tips\runners-coffee-pt.html","7655","9/9/2026 8:04:56 PM"
"C:\Users\valde\OneDrive\Documents\52-at-52\tips\runners-coffee.html","13040","9/9/2026 8:04:56 PM"
"C:\Users\valde\OneDrive\Documents\52-at-52\tips\runners-loop-en.html","1440","9/9/2026 8:04:56 PM"
"C:\Users\valde\OneDrive\Documents\52-at-52\tips\runners-loop-pt.html","1478","9/9/2026 8:04:56 PM"
"C:\Users\valde\OneDrive\Documents\52-at-52\tips\runners-loop.html","1536","9/9/2026 8:04:56 PM"
